/*
 Navicat Premium Data Transfer

 Source Server         : localhost
 Source Server Type    : MySQL
 Source Server Version : 50719
 Source Host           : localhost
 Source Database       : ifast-new2

 Target Server Type    : MySQL
 Target Server Version : 50719
 File Encoding         : utf-8

 Date: 04/26/2019 11:52:47 AM
*/

SET NAMES utf8mb4;
SET FOREIGN_KEY_CHECKS = 0;

-- ----------------------------
--  Table structure for `app_demo_base`
-- ----------------------------
DROP TABLE IF EXISTS `app_demo_base`;
CREATE TABLE `app_demo_base` (
  `id` bigint(20) NOT NULL COMMENT '编号',
  `title` varchar(50) DEFAULT NULL COMMENT '标题',
  `publish` datetime DEFAULT NULL COMMENT '发布时间',
  `content` mediumtext COMMENT '正文',
  `deleted` bit(1) DEFAULT b'0' COMMENT '删除',
  `version` smallint(6) DEFAULT '0' COMMENT '版本',
  `createAt` datetime DEFAULT NULL COMMENT '创建时间',
  `updateAt` datetime DEFAULT NULL COMMENT '更新时间',
  `createBy` bigint(20) DEFAULT NULL COMMENT '创建者',
  `updateBy` bigint(20) DEFAULT NULL COMMENT '更新者',
  `price` decimal(10,0) DEFAULT NULL,
  `depId` bigint(20) DEFAULT NULL,
  `comId` bigint(20) DEFAULT NULL,
  PRIMARY KEY (`id`)
) ENGINE=InnoDB DEFAULT CHARSET=utf8mb4 COMMENT='基础表';

-- ----------------------------
--  Records of `app_demo_base`
-- ----------------------------
BEGIN;
INSERT INTO `app_demo_base` VALUES ('1', '1', null, null, b'0', '0', '2018-10-17 11:17:46', '2018-10-17 11:17:53', null, null, null, null, null), ('2', '1', null, null, b'0', '0', '2018-10-17 11:17:41', '2018-10-17 11:17:52', null, null, null, null, null), ('3', '1', null, null, b'0', '0', '2018-10-17 11:17:37', '2018-10-17 11:43:54', null, null, null, null, null), ('1027118616500408321', 'Vue 2.0 Hello World', '2018-08-17 11:59:00', '这是我的征文', b'0', '6', '2018-08-08 17:05:35', '2018-10-17 11:17:26', '1', '1', null, null, null), ('1052420200646021122', '1', null, '111', b'0', '0', '2018-10-17 12:45:03', null, '1', null, '1', null, null), ('1052420972653789185', '111', null, '111', b'0', '0', '2018-10-17 12:48:07', null, '1', null, '111', null, null), ('1052421314086916098', '111', null, '111', b'0', '0', '2018-10-17 12:49:28', null, '1', null, '111', null, null), ('1052426738131517442', '111', null, '111', b'0', '0', '2018-10-17 13:11:07', null, '1', null, '111', null, null), ('1052427222917562369', '111', null, '111', b'0', '0', '2018-10-17 13:16:07', null, '1', null, '111', null, null), ('1052432268677824514', '111', null, '111', b'0', '0', '2018-10-17 13:36:43', null, '1', null, '111', null, null), ('1052433480089288706', '111', null, '111', b'0', '0', '2018-10-17 13:39:47', null, '1', null, '111', null, null), ('1052434025671770113', '111', null, '111', b'0', '0', '2018-10-17 13:40:39', null, '1', null, '111', null, null), ('1052434394850213889', '111', null, '111', b'0', '0', '2018-10-17 13:41:28', null, '1', null, '111', null, null), ('1052434507010097154', '111', null, '111', b'0', '0', '2018-10-17 13:43:08', null, '1', null, '111', null, null), ('1052434874858946562', '111', null, '111', b'0', '0', '2018-10-17 13:44:13', null, '1', null, '111', null, null), ('1052435150282113025', '111', null, '111', b'0', '0', '2018-10-17 13:45:14', null, '1', null, '111', null, null), ('1052435458504736769', '111', null, '111', b'0', '0', '2018-10-17 14:21:15', null, '1', null, '111', null, null), ('1052444652096143361', '111', null, '111', b'0', '0', '2018-10-17 14:23:32', null, '1', null, '111', null, null), ('1052446925337604097', '222', null, '222', b'0', '0', '2018-10-17 14:31:18', null, '1', null, '222', '333', null), ('1052447918909517826', '222', null, '222', b'0', '0', '2018-10-17 14:35:12', null, '1', null, '222', '333', '1'), ('1052450947981316098', '222', null, '222', b'0', '0', '2018-10-17 14:47:14', null, '1', null, '222', null, '1'), ('1052451128940367874', '222', null, '222', b'0', '0', '2018-10-17 14:47:57', null, '2', null, '222', null, '2'), ('1052451480536289281', '222', null, '222', b'0', '0', '2018-10-17 14:49:36', null, '2', null, '222', null, '2'), ('1052451612082245633', '222', null, '222', b'0', '0', '2018-10-17 14:50:20', null, '1', null, '222', null, '1'), ('1052451973799018497', '222', null, '222', b'0', '0', '2018-10-17 14:51:25', null, '1', null, '222', null, '1000');
COMMIT;

-- ----------------------------
--  Table structure for `app_demo_base_copy`
-- ----------------------------
DROP TABLE IF EXISTS `app_demo_base_copy`;
CREATE TABLE `app_demo_base_copy` (
  `id` bigint(20) NOT NULL COMMENT '编号',
  `title` varchar(50) DEFAULT NULL COMMENT '标题',
  `publish` datetime DEFAULT NULL COMMENT '发布时间',
  `content` mediumtext COMMENT '正文',
  `deleted` bit(1) DEFAULT b'0' COMMENT '删除',
  `version` smallint(6) DEFAULT '0' COMMENT '版本',
  `createAt` datetime DEFAULT NULL COMMENT '创建时间',
  `updateAt` datetime DEFAULT NULL COMMENT '更新时间',
  `createBy` bigint(20) DEFAULT NULL COMMENT '创建者',
  `updateBy` bigint(20) DEFAULT NULL COMMENT '更新者',
  `price` decimal(10,0) DEFAULT NULL,
  PRIMARY KEY (`id`)
) ENGINE=InnoDB DEFAULT CHARSET=utf8mb4 COMMENT='基础表';

-- ----------------------------
--  Records of `app_demo_base_copy`
-- ----------------------------
BEGIN;
INSERT INTO `app_demo_base_copy` VALUES ('1027118616500408321', 'Vue 2.0 Hello World', '2018-08-17 11:59:00', '这是我的征文', b'0', '7', '2018-08-08 17:05:35', '2018-08-22 15:34:46', '1', '1', null);
COMMIT;

-- ----------------------------
--  Table structure for `sys_config`
-- ----------------------------
DROP TABLE IF EXISTS `sys_config`;
CREATE TABLE `sys_config` (
  `id` bigint(20) NOT NULL AUTO_INCREMENT COMMENT 'id',
  `k` varchar(100) DEFAULT NULL COMMENT '键',
  `v` varchar(1000) DEFAULT NULL COMMENT '值',
  `remark` varchar(100) DEFAULT NULL COMMENT '备注',
  `createTime` datetime DEFAULT NULL COMMENT '创建时间',
  `kvType` int(11) DEFAULT NULL,
  PRIMARY KEY (`id`)
) ENGINE=InnoDB AUTO_INCREMENT=1057172473553002499 DEFAULT CHARSET=utf8;

-- ----------------------------
--  Records of `sys_config`
-- ----------------------------
BEGIN;
INSERT INTO `sys_config` VALUES ('2', 'oss_qiniu', '{\"AccessKey\" : \"8-HMj9EgGNIP-xuOCpSzTn-OMyGOFtR3TxLdn4Uu\",\"SecretKey\" : \"SjpGg3V6PsMdJgn42PeEd5Ik-6aNyuwdqV5CPM6A\",\"bucket\" : \"ifast\",\"AccessUrl\" : \"http://p6r7ke2jc.bkt.clouddn.com/\"}', '七牛对象存储配置', '2018-04-06 14:31:26', '4300'), ('3', 'author', 'Aron', '代码生成器配置', '2018-05-27 19:57:04', '4401'), ('4', 'email', 'izenglong@163.com', '代码生成器配置', '2018-05-27 19:57:04', '4401'), ('5', 'package', 'com.ifast.wxmp', '代码生成器配置', '2018-05-27 19:57:04', '4401'), ('6', 'autoRemovePre', 'true', '代码生成器配置', '2018-05-27 19:57:04', '4401'), ('7', 'tablePrefix', 'app', '代码生成器配置', '2018-05-27 19:57:04', '4401'), ('8', 'tinyint', 'Integer', '代码生成器配置', '2018-05-27 19:57:04', '4400'), ('9', 'smallint', 'Integer', '代码生成器配置', '2018-05-27 19:57:04', '4400'), ('10', 'mediumint', 'Integer', '代码生成器配置', '2018-05-27 19:57:04', '4400'), ('11', 'int', 'Integer', '代码生成器配置', '2018-05-27 19:57:04', '4400'), ('12', 'integer', 'Integer', '代码生成器配置', '2018-05-27 19:57:04', '4400'), ('13', 'bigint', 'Long', '代码生成器配置', '2018-05-27 19:57:04', '4400'), ('14', 'float', 'Float', '代码生成器配置', '2018-05-27 19:57:04', '4400'), ('15', 'double', 'Double', '代码生成器配置', '2018-05-27 19:57:04', '4400'), ('16', 'decimal', 'BigDecimal', '代码生成器配置', '2018-05-27 19:57:04', '4400'), ('17', 'bit', 'Boolean', '代码生成器配置', '2018-05-27 19:57:04', '4400'), ('18', 'char', 'String', '代码生成器配置', '2018-05-27 19:57:04', '4400'), ('19', 'varchar', 'String', '代码生成器配置', '2018-05-27 19:57:04', '4400'), ('20', 'tinytext', 'String', '代码生成器配置', '2018-05-27 19:57:04', '4400'), ('21', 'text', 'String', '代码生成器配置', '2018-05-27 19:57:04', '4400'), ('22', 'mediumtext', 'String', '代码生成器配置', '2018-05-27 19:57:04', '4400'), ('23', 'longtext', 'String', '代码生成器配置', '2018-05-27 19:57:04', '4400'), ('24', 'date', 'Date', '代码生成器配置', '2018-05-27 19:57:04', '4400'), ('25', 'datetime', 'Date', '代码生成器配置', '2018-05-27 19:57:04', '4400'), ('26', 'timestamp', 'Date', '代码生成器配置', '2018-05-27 19:57:04', '4400'), ('1057172473553002498', '1', '1', '1', null, null);
COMMIT;

-- ----------------------------
--  Table structure for `sys_dept`
-- ----------------------------
DROP TABLE IF EXISTS `sys_dept`;
CREATE TABLE `sys_dept` (
  `id` bigint(20) NOT NULL AUTO_INCREMENT,
  `parentId` bigint(20) DEFAULT NULL COMMENT '上级部门ID，一级部门为0',
  `name` varchar(50) DEFAULT NULL COMMENT '部门名称',
  `orderNum` int(11) DEFAULT NULL COMMENT '排序',
  `delFlag` tinyint(4) DEFAULT '0' COMMENT '是否删除  -1：已删除  0：正常',
  PRIMARY KEY (`id`)
) ENGINE=InnoDB AUTO_INCREMENT=17 DEFAULT CHARSET=utf8 COMMENT='部门管理';

-- ----------------------------
--  Records of `sys_dept`
-- ----------------------------
BEGIN;
INSERT INTO `sys_dept` VALUES ('6', '0', '研发部', '1', '1'), ('7', '6', '研发一部', '1', '1'), ('8', '6', '研发二部', '2', '1'), ('9', '0', '销售部', '2', '1'), ('11', '0', '产品部', '3', '1'), ('12', '11', '产品一部', '1', '1'), ('13', '0', '测试部', '5', '1'), ('14', '13', '测试一部', '1', '1'), ('15', '13', '测试二部', '2', '1'), ('16', '9', '销售一部', '0', '1');
COMMIT;

-- ----------------------------
--  Table structure for `sys_dict`
-- ----------------------------
DROP TABLE IF EXISTS `sys_dict`;
CREATE TABLE `sys_dict` (
  `id` bigint(64) NOT NULL AUTO_INCREMENT COMMENT '编号',
  `name` varchar(100) COLLATE utf8_bin DEFAULT NULL COMMENT '标签名',
  `value` varchar(100) COLLATE utf8_bin DEFAULT NULL COMMENT '数据值',
  `type` varchar(100) COLLATE utf8_bin DEFAULT NULL COMMENT '类型',
  `description` varchar(100) COLLATE utf8_bin DEFAULT NULL COMMENT '描述',
  `sort` decimal(10,0) DEFAULT NULL COMMENT '排序（升序）',
  `parentId` bigint(64) DEFAULT '0' COMMENT '父级编号',
  `createBy` int(64) DEFAULT NULL COMMENT '创建者',
  `createDate` datetime DEFAULT NULL COMMENT '创建时间',
  `updateBy` bigint(64) DEFAULT NULL COMMENT '更新者',
  `updateDate` datetime DEFAULT NULL COMMENT '更新时间',
  `remarks` varchar(255) COLLATE utf8_bin DEFAULT NULL COMMENT '备注信息',
  `delFlag` char(1) COLLATE utf8_bin DEFAULT '0' COMMENT '删除标记',
  PRIMARY KEY (`id`),
  KEY `sys_dict_value` (`value`),
  KEY `sys_dict_label` (`name`),
  KEY `sys_dict_del_flag` (`delFlag`)
) ENGINE=InnoDB AUTO_INCREMENT=1057113773140254723 DEFAULT CHARSET=utf8 COLLATE=utf8_bin COMMENT='字典表';

-- ----------------------------
--  Records of `sys_dict`
-- ----------------------------
BEGIN;
INSERT INTO `sys_dict` VALUE ('1', '正常', '0', 'del_flag', '删除标记', '10', '0', '1', null, '1', null, null, '0');
COMMIT;

-- ----------------------------
--  Table structure for `sys_file`
-- ----------------------------
DROP TABLE IF EXISTS `sys_file`;
CREATE TABLE `sys_file` (
  `id` bigint(20) NOT NULL AUTO_INCREMENT,
  `type` int(11) DEFAULT NULL COMMENT '文件类型',
  `url` varchar(200) DEFAULT NULL COMMENT 'URL地址',
  `createDate` datetime DEFAULT NULL COMMENT '创建时间',
  PRIMARY KEY (`id`)
) ENGINE=InnoDB AUTO_INCREMENT=1075678608744435714 DEFAULT CHARSET=utf8 COMMENT='文件上传';

-- ----------------------------
--  Records of `sys_file`
-- ----------------------------
BEGIN;
INSERT INTO `sys_file` VALUES ('1039455478674014210', '0', 'http://p6r7ke2jc.bkt.clouddn.com/5.jpeg', '2018-09-11 18:07:53'), ('1053121678478086145', '0', 'http://p6r7ke2jc.bkt.clouddn.com/1.jpg', '2018-10-19 11:12:29'), ('1053122164853772289', '0', 'http://p6r7ke2jc.bkt.clouddn.com/4.jpg', '2018-10-19 11:14:25'), ('1053123504824848385', '0', 'http://p6r7ke2jc.bkt.clouddn.com/4.jpg', '2018-10-19 11:19:44'), ('1053123640229564417', '0', 'http://p6r7ke2jc.bkt.clouddn.com/5.jpeg', '2018-10-19 11:20:17'), ('1053137293939003394', '0', 'http://p6r7ke2jc.bkt.clouddn.com/1.jpg', '2018-10-19 12:14:32'), ('1053151670440251393', '0', 'http://p6r7ke2jc.bkt.clouddn.com/1.jpg', '2018-10-19 13:11:40'), ('1053187645916794881', '0', 'http://p6r7ke2jc.bkt.clouddn.com/1.jpg', '2018-10-19 15:34:37'), ('1053187748744351746', '0', 'http://p6r7ke2jc.bkt.clouddn.com/1.jpg', '2018-10-19 15:35:01'), ('1057519343739498497', '0', 'http://p6r7ke2jc.bkt.clouddn.com/新版本.png', '2018-10-31 14:27:14'), ('1057519576561119233', '0', 'http://p6r7ke2jc.bkt.clouddn.com/新版本.png', '2018-10-31 14:28:09'), ('1057558223335342082', '0', 'http://p6r7ke2jc.bkt.clouddn.com/1.jpg', '2018-10-31 17:01:44'), ('1057558291174014978', '0', 'http://p6r7ke2jc.bkt.clouddn.com/1.jpg', '2018-10-31 17:02:00'), ('1057558345217622017', '0', 'http://p6r7ke2jc.bkt.clouddn.com/1.jpg', '2018-10-31 17:02:13'), ('1059363651560071169', '0', 'http://p6r7ke2jc.bkt.clouddn.com/1.jpg', '2018-11-05 16:35:51'), ('1059367109465931778', '0', 'http://p6r7ke2jc.bkt.clouddn.com/1.jpg', '2018-11-05 16:49:36'), ('1059694217291620353', '0', 'http://p6r7ke2jc.bkt.clouddn.com/1.jpg', '2018-11-06 14:29:24'), ('1059697064200601602', '0', 'http://p6r7ke2jc.bkt.clouddn.com/1.jpg', '2018-11-06 14:40:43'), ('1059706534624448514', '0', 'http://p6r7ke2jc.bkt.clouddn.com/1.jpg', '2018-11-06 15:18:21'), ('1059706938145853442', '0', 'http://p6r7ke2jc.bkt.clouddn.com/1.jpg', '2018-11-06 15:19:57'), ('1059727659597225986', '0', 'http://p6r7ke2jc.bkt.clouddn.com/1.jpg', '2018-11-06 16:42:17'), ('1059728049067712513', '0', 'http://p6r7ke2jc.bkt.clouddn.com/5.jpeg', '2018-11-06 16:43:50'), ('1059728104289918977', '0', 'http://p6r7ke2jc.bkt.clouddn.com/1.jpg', '2018-11-06 16:44:04'), ('1059728393764003842', '0', 'http://p6r7ke2jc.bkt.clouddn.com/5.jpeg', '2018-11-06 16:45:13'), ('1059728429746937858', '0', 'http://p6r7ke2jc.bkt.clouddn.com/1.jpg', '2018-11-06 16:45:21'), ('1065149397596315649', '0', 'http://p6r7ke2jc.bkt.clouddn.com/WechatIMG1032.jpg', '2018-11-21 15:46:21'), ('1067344176421752834', '0', 'http://p6r7ke2jc.bkt.clouddn.com/牛牛关注二维码.jpg', '2018-11-27 17:07:37'), ('1073144884345651201', '0', 'http://p6r7ke2jc.bkt.clouddn.com/1.jpg', '2018-12-13 17:17:33'), ('1073148240128634882', '0', 'http://http://cdn.ifast.site/IMG_0126.JPG', '2018-12-13 17:30:53'), ('1073148333527396353', '0', 'http://http://cdn.ifast.site/5.jpeg', '2018-12-13 17:31:16'), ('1073149931494297602', '0', 'http://cdn.ifast.site/IMG_0126.JPG', '2018-12-13 17:37:36'), ('1073149985865060353', '0', 'http://cdn.ifast.site/5.jpeg', '2018-12-13 17:37:49'), ('1073150118828691457', '0', 'http://cdn.ifast.site/1.jpg', '2018-12-13 17:38:21'), ('1073150164131368962', '0', 'http://cdn.ifast.site/IMG_0126.JPG', '2018-12-13 17:38:32'), ('1073150252182392834', '0', 'http://cdn.ifast.site/4.jpg', '2018-12-13 17:38:53'), ('1073150353797795841', '0', 'http://cdn.ifast.site/5.jpeg', '2018-12-13 17:39:17'), ('1073150403781316610', '0', 'http://cdn.ifast.site/3.jpeg', '2018-12-13 17:39:29'), ('1073150457451630593', '0', 'http://cdn.ifast.site/IMG_0126.JPG', '2018-12-13 17:39:42'), ('1075678608744435713', '0', 'http://cdn.ifast.site/7.png', '2018-12-20 17:05:40');
COMMIT;

-- ----------------------------
--  Table structure for `sys_log`
-- ----------------------------
DROP TABLE IF EXISTS `sys_log`;
CREATE TABLE `sys_log` (
  `id` bigint(20) NOT NULL AUTO_INCREMENT,
  `userId` bigint(20) DEFAULT NULL COMMENT '用户id',
  `username` varchar(50) DEFAULT NULL COMMENT '用户名',
  `operation` varchar(50) DEFAULT NULL COMMENT '用户操作',
  `time` int(11) DEFAULT NULL COMMENT '响应时间',
  `method` varchar(200) DEFAULT NULL COMMENT '请求方法',
  `params` varchar(5000) DEFAULT NULL COMMENT '请求参数',
  `ip` varchar(64) DEFAULT NULL COMMENT 'IP地址',
  `gmtCreate` datetime DEFAULT NULL COMMENT '创建时间',
  PRIMARY KEY (`id`)
) ENGINE=InnoDB AUTO_INCREMENT=1121619930973917186 DEFAULT CHARSET=utf8 COMMENT='系统日志';

-- ----------------------------
--  Records of `sys_log`
-- ----------------------------
BEGIN;
INSERT INTO `sys_log` VALUES ('1035159025008975874', '-1', '{}', '发送验证码', '9937', 'com.ifast.sms.controller.SmsController.send()', '{}', '127.0.0.1', '2018-08-30 21:35:19'), ('1035159254408044545', '-1', '{}', '校验验证码', '1', 'com.ifast.sms.controller.SmsController.verify()', '{}', '127.0.0.1', '2018-08-30 21:36:13'), ('1035159310137761793', '-1', '{}', '校验验证码', '1', 'com.ifast.sms.controller.SmsController.verify()', '{}', '127.0.0.1', '2018-08-30 21:36:27'), ('1035161607806853121', '-1', '{}', '发送验证码', '6323', 'com.ifast.sms.controller.SmsController.send()', '{}', '127.0.0.1', '2018-08-30 21:45:34'), ('1035165954506657793', '-1', '{}', '重定向到登录', '0', 'com.ifast.sys.controller.LoginController.welcome()', '{}', '127.0.0.1', '2018-08-30 22:02:51'), ('1035165975335571457', '1', 'admin', '登录', '139', 'com.ifast.sys.controller.LoginController.ajaxLogin()', '{\"username\":[\"admin\"],\"password\":[\"1\"]}', '127.0.0.1', '2018-08-30 22:02:56'), ('1035165975671115778', '1', 'admin', '请求访问主页', '28', 'com.ifast.sys.controller.LoginController.index()', '{}', '127.0.0.1', '2018-08-30 22:02:56'), ('1035165976384147458', '1', 'admin', '主页', '0', 'com.ifast.sys.controller.LoginController.main()', '{}', '127.0.0.1', '2018-08-30 22:02:56'), ('1035165977613078530', '1', 'admin', '主页', '0', 'com.ifast.sys.controller.LoginController.main()', '{}', '127.0.0.1', '2018-08-30 22:02:56'), ('1035174816198594561', '1', 'admin', '登录', '40', 'com.ifast.sys.controller.LoginController.ajaxLogin()', '{\"username\":[\"admin\"],\"password\":[\"1\"]}', '127.0.0.1', '2018-08-30 22:38:03'), ('1035174816508973058', '1', 'admin', '请求访问主页', '26', 'com.ifast.sys.controller.LoginController.index()', '{}', '127.0.0.1', '2018-08-30 22:38:04'), ('1035174817154895874', '1', 'admin', '主页', '0', 'com.ifast.sys.controller.LoginController.main()', '{}', '127.0.0.1', '2018-08-30 22:38:04'), ('1035174818144751618', '1', 'admin', '主页', '0', 'com.ifast.sys.controller.LoginController.main()', '{}', '127.0.0.1', '2018-08-30 22:38:04'), ('1035174922901688322', '1', 'admin', '进入数据字典列表页面', '0', 'com.ifast.common.controller.DictController.sysDict()', '{}', '127.0.0.1', '2018-08-30 22:38:29'), ('1035174926047416322', '1', 'admin', '查询数据字典key列表', '20', 'com.ifast.common.controller.DictController.listType()', '{}', '127.0.0.1', '2018-08-30 22:38:30'), ('1035174926382960641', '1', 'admin', '查询数据字典列表', '43', 'com.ifast.common.controller.DictController.list()', '{\"pageNumber\":[\"1\"],\"pageSize\":[\"10\"],\"type\":[\"\"]}', '127.0.0.1', '2018-08-30 22:38:30'), ('1035174934607990785', '1', 'admin', '进入文件管理页面', '0', 'com.ifast.oss.controller.FileController.sysFile()', '{}', '127.0.0.1', '2018-08-30 22:38:32'), ('1035174935765618689', '1', 'admin', '查询文件列表', '33', 'com.ifast.oss.controller.FileController.list()', '{\"type\":[\"\"],\"pageNumber\":[\"1\"],\"pageSize\":[\"12\"]}', '127.0.0.1', '2018-08-30 22:38:32'), ('1035174947060879361', '1', 'admin', '进入系统配置页面', '0', 'com.ifast.common.controller.ConfigController.Config()', '{}', '127.0.0.1', '2018-08-30 22:38:35'), ('1035174962328145922', '1', 'admin', '进入系统用户列表页面', '0', 'com.ifast.sys.controller.UserController.user()', '{}', '127.0.0.1', '2018-08-30 22:38:38'), ('1035174963657740290', '1', 'admin', '查询部门树形数据', '14', 'com.ifast.sys.controller.DeptController.tree()', '{}', '127.0.0.1', '2018-08-30 22:38:39'), ('1035174963783569409', '1', 'admin', '查询系统用户列表', '17', 'com.ifast.sys.controller.UserController.list()', '{\"pageNumber\":[\"1\"],\"pageSize\":[\"10\"],\"name\":[\"\"],\"deptId\":[\"\"]}', '127.0.0.1', '2018-08-30 22:38:39'), ('1035174968279863297', '1', 'admin', '进入系统角色页面', '0', 'com.ifast.sys.controller.RoleController.role()', '{}', '127.0.0.1', '2018-08-30 22:38:40'), ('1035174969622040577', '1', 'admin', '查询系统角色菜单', '2', 'com.ifast.sys.controller.RoleController.list()', '{\"order\":[\"asc\"],\"limit\":[\"10\"],\"offset\":[\"0\"]}', '127.0.0.1', '2018-08-30 22:38:40'), ('1035174973266890754', '1', 'admin', '进入系统菜单页面', '0', 'com.ifast.sys.controller.MenuController.menu()', '{}', '127.0.0.1', '2018-08-30 22:38:41'), ('1035174974558736386', '1', 'admin', '查询菜单列表', '8', 'com.ifast.sys.controller.MenuController.list()', '{}', '127.0.0.1', '2018-08-30 22:38:41'), ('1035174978425884674', '1', 'admin', '进入部分页面', '0', 'com.ifast.sys.controller.DeptController.dept()', '{}', '127.0.0.1', '2018-08-30 22:38:42'), ('1035174991793131521', '1', 'admin', '进入代码生成页面', '0', 'com.ifast.generator.controller.GeneratorController.generator()', '{}', '127.0.0.1', '2018-08-30 22:38:45'), ('1035174992875261954', '1', 'admin', '查询数据表列表', '12', 'com.ifast.generator.controller.GeneratorController.list()', '{\"order\":[\"asc\"],\"limit\":[\"10\"],\"offset\":[\"0\"]}', '127.0.0.1', '2018-08-30 22:38:46'), ('1035174997606436866', '1', 'admin', '进入定时任务管理页面', '0', 'com.ifast.job.controller.JobController.taskScheduleJob()', '{}', '127.0.0.1', '2018-08-30 22:38:47'), ('1035174998810202113', '1', 'admin', '查询定时任务列表', '27', 'com.ifast.job.controller.JobController.list()', '{\"pageNumber\":[\"1\"],\"pageSize\":[\"10\"]}', '127.0.0.1', '2018-08-30 22:38:47'), ('1035175007194615809', '1', 'admin', '进入在线用户列表页面', '3', 'com.ifast.sys.controller.SessionController.online()', '{}', '127.0.0.1', '2018-08-30 22:38:49'), ('1035175008188665857', '1', 'admin', '查询在线用户列表数据', '4', 'com.ifast.sys.controller.SessionController.list()', '{\"limit\":[\"10\"],\"offset\":[\"0\"],\"name\":[\"\"]}', '127.0.0.1', '2018-08-30 22:38:49'), ('1035175011577663489', '1', 'admin', '进入系统日志列表页面', '0', 'com.ifast.common.controller.LogController.log()', '{}', '127.0.0.1', '2018-08-30 22:38:50'), ('1035175012747874305', '1', 'admin', '查询系统日志列表', '37', 'com.ifast.common.controller.LogController.list()', '{\"pageNumber\":[\"1\"],\"pageSize\":[\"10\"],\"sort\":[\"gmtCreate\"],\"order\":[\"desc\"],\"operation\":[\"\"],\"username\":[\"\"]}', '127.0.0.1', '2018-08-30 22:38:50'), ('1035175239303204866', '1', 'admin', '进入系统配置页面', '0', 'com.ifast.common.controller.ConfigController.Config()', '{}', '127.0.0.1', '2018-08-30 22:39:44'), ('1035181286675935233', '1', 'admin', '重定向到登录', '0', 'com.ifast.sys.controller.LoginController.welcome()', '{}', '127.0.0.1', '2018-08-30 23:03:46'), ('1035181301775429634', '1', 'admin', '登录', '57', 'com.ifast.sys.controller.LoginController.ajaxLogin()', '{\"username\":[\"admin\"],\"password\":[\"1\"]}', '127.0.0.1', '2018-08-30 23:03:50'), ('1035181302056448002', '1', 'admin', '请求访问主页', '28', 'com.ifast.sys.controller.LoginController.index()', '{}', '127.0.0.1', '2018-08-30 23:03:50'), ('1035181302790451201', '1', 'admin', '主页', '0', 'com.ifast.sys.controller.LoginController.main()', '{}', '127.0.0.1', '2018-08-30 23:03:50'), ('1035181303880970241', '1', 'admin', '主页', '0', 'com.ifast.sys.controller.LoginController.main()', '{}', '127.0.0.1', '2018-08-30 23:03:50'), ('1035181314140237825', '1', 'admin', '进入数据字典列表页面', '0', 'com.ifast.common.controller.DictController.sysDict()', '{}', '127.0.0.1', '2018-08-30 23:03:53'), ('1035181315562106882', '1', 'admin', '查询数据字典key列表', '24', 'com.ifast.common.controller.DictController.listType()', '{}', '127.0.0.1', '2018-08-30 23:03:53'), ('1035181315939594241', '1', 'admin', '查询数据字典列表', '48', 'com.ifast.common.controller.DictController.list()', '{\"pageNumber\":[\"1\"],\"pageSize\":[\"10\"],\"type\":[\"\"]}', '127.0.0.1', '2018-08-30 23:03:53'), ('1035181320939204609', '1', 'admin', '进入文件管理页面', '0', 'com.ifast.oss.controller.FileController.sysFile()', '{}', '127.0.0.1', '2018-08-30 23:03:54'), ('1035181322021335042', '1', 'admin', '查询文件列表', '23', 'com.ifast.oss.controller.FileController.list()', '{\"type\":[\"\"],\"pageNumber\":[\"1\"],\"pageSize\":[\"12\"]}', '127.0.0.1', '2018-08-30 23:03:55'), ('1035181731494416386', '1', 'admin', '请求访问主页', '33', 'com.ifast.sys.controller.LoginController.index()', '{}', '127.0.0.1', '2018-08-30 23:05:32'), ('1035181733599956994', '1', 'admin', '主页', '0', 'com.ifast.sys.controller.LoginController.main()', '{}', '127.0.0.1', '2018-08-30 23:05:33'), ('1035181734258462721', '1', 'admin', '主页', '0', 'com.ifast.sys.controller.LoginController.main()', '{}', '127.0.0.1', '2018-08-30 23:05:33'), ('1035182421289635841', '1', 'admin', '请求访问主页', '36', 'com.ifast.sys.controller.LoginController.index()', '{}', '127.0.0.1', '2018-08-30 23:08:17'), ('1035182423034466306', '1', 'admin', '主页', '0', 'com.ifast.sys.controller.LoginController.main()', '{}', '127.0.0.1', '2018-08-30 23:08:17'), ('1035182423932047361', '1', 'admin', '主页', '0', 'com.ifast.sys.controller.LoginController.main()', '{}', '127.0.0.1', '2018-08-30 23:08:17'), ('1035182434124206081', '1', 'admin', '进入系统配置页面', '0', 'com.ifast.common.controller.ConfigController.Config()', '{}', '127.0.0.1', '2018-08-30 23:08:20'), ('1035182435894202370', '1', 'admin', '查询系统配置列表', '55', 'com.ifast.common.controller.ConfigController.list()', '{\"pageNumber\":[\"1\"],\"pageSize\":[\"10\"]}', '127.0.0.1', '2018-08-30 23:08:20'), ('1035182444316364801', '1', 'admin', '进入文件管理页面', '0', 'com.ifast.oss.controller.FileController.sysFile()', '{}', '127.0.0.1', '2018-08-30 23:08:22'), ('1035182445352357890', '1', 'admin', '查询文件列表', '20', 'com.ifast.oss.controller.FileController.list()', '{\"type\":[\"\"],\"pageNumber\":[\"1\"],\"pageSize\":[\"12\"]}', '127.0.0.1', '2018-08-30 23:08:22'), ('1035182448338702337', '1', 'admin', '进入数据字典列表页面', '0', 'com.ifast.common.controller.DictController.sysDict()', '{}', '127.0.0.1', '2018-08-30 23:08:23'), ('1035182449718628353', '1', 'admin', '查询数据字典key列表', '17', 'com.ifast.common.controller.DictController.listType()', '{}', '127.0.0.1', '2018-08-30 23:08:23'), ('1035182449894789121', '1', 'admin', '查询数据字典列表', '14', 'com.ifast.common.controller.DictController.list()', '{\"pageNumber\":[\"1\"],\"pageSize\":[\"10\"],\"type\":[\"\"]}', '127.0.0.1', '2018-08-30 23:08:23'), ('1035182458526666753', '1', 'admin', '进入系统用户列表页面', '0', 'com.ifast.sys.controller.UserController.user()', '{}', '127.0.0.1', '2018-08-30 23:08:26'), ('1035182459667517441', '1', 'admin', '查询部门树形数据', '11', 'com.ifast.sys.controller.DeptController.tree()', '{}', '127.0.0.1', '2018-08-30 23:08:26'), ('1035182459768180738', '1', 'admin', '查询系统用户列表', '13', 'com.ifast.sys.controller.UserController.list()', '{\"pageNumber\":[\"1\"],\"pageSize\":[\"10\"],\"name\":[\"\"],\"deptId\":[\"\"]}', '127.0.0.1', '2018-08-30 23:08:26'), ('1035182463413030913', '1', 'admin', '进入系统角色页面', '0', 'com.ifast.sys.controller.RoleController.role()', '{}', '127.0.0.1', '2018-08-30 23:08:27'), ('1035182464700682242', '1', 'admin', '查询系统角色菜单', '2', 'com.ifast.sys.controller.RoleController.list()', '{\"order\":[\"asc\"],\"limit\":[\"10\"],\"offset\":[\"0\"]}', '127.0.0.1', '2018-08-30 23:08:27'), ('1035182468169371649', '1', 'admin', '进入系统菜单页面', '0', 'com.ifast.sys.controller.MenuController.menu()', '{}', '127.0.0.1', '2018-08-30 23:08:28'), ('1035182469503160322', '1', 'admin', '查询菜单列表', '23', 'com.ifast.sys.controller.MenuController.list()', '{}', '127.0.0.1', '2018-08-30 23:08:28'), ('1035182472711802881', '1', 'admin', '进入部分页面', '0', 'com.ifast.sys.controller.DeptController.dept()', '{}', '127.0.0.1', '2018-08-30 23:08:29'), ('1035182473919762434', '1', 'admin', '获取部门列表', '8', 'com.ifast.sys.controller.DeptController.list()', '{}', '127.0.0.1', '2018-08-30 23:08:29'), ('1035182482677469186', '1', 'admin', '进入代码生成页面', '0', 'com.ifast.generator.controller.GeneratorController.generator()', '{}', '127.0.0.1', '2018-08-30 23:08:31'), ('1035182483730239490', '1', 'admin', '查询数据表列表', '10', 'com.ifast.generator.controller.GeneratorController.list()', '{\"order\":[\"asc\"],\"limit\":[\"10\"],\"offset\":[\"0\"]}', '127.0.0.1', '2018-08-30 23:08:32'), ('1035182486980825089', '1', 'admin', '进入定时任务管理页面', '0', 'com.ifast.job.controller.JobController.taskScheduleJob()', '{}', '127.0.0.1', '2018-08-30 23:08:32'), ('1035182488100704257', '1', 'admin', '查询定时任务列表', '16', 'com.ifast.job.controller.JobController.list()', '{\"pageNumber\":[\"1\"],\"pageSize\":[\"10\"]}', '127.0.0.1', '2018-08-30 23:08:33'), ('1035182496959074305', '1', 'admin', '进入在线用户列表页面', '2', 'com.ifast.sys.controller.SessionController.online()', '{}', '127.0.0.1', '2018-08-30 23:08:35'), ('1035182497953124354', '1', 'admin', '查询在线用户列表数据', '3', 'com.ifast.sys.controller.SessionController.list()', '{\"limit\":[\"10\"],\"offset\":[\"0\"],\"name\":[\"\"]}', '127.0.0.1', '2018-08-30 23:08:35'), ('1035182502025793537', '1', 'admin', '进入系统日志列表页面', '0', 'com.ifast.common.controller.LogController.log()', '{}', '127.0.0.1', '2018-08-30 23:08:36'), ('1035182503216975873', '1', 'admin', '查询系统日志列表', '9', 'com.ifast.common.controller.LogController.list()', '{\"pageNumber\":[\"1\"],\"pageSize\":[\"10\"],\"sort\":[\"gmtCreate\"],\"order\":[\"desc\"],\"operation\":[\"\"],\"username\":[\"\"]}', '127.0.0.1', '2018-08-30 23:08:36'), ('1035183575327232002', '1', 'admin', '请求访问主页', '44', 'com.ifast.sys.controller.LoginController.index()', '{}', '127.0.0.1', '2018-08-30 23:12:52'), ('1035183577827037186', '1', 'admin', '主页', '0', 'com.ifast.sys.controller.LoginController.main()', '{}', '127.0.0.1', '2018-08-30 23:12:52'), ('1035183578556846082', '1', 'admin', '主页', '0', 'com.ifast.sys.controller.LoginController.main()', '{}', '127.0.0.1', '2018-08-30 23:12:53'), ('1035183586861568002', '1', 'admin', '进入数据字典列表页面', '0', 'com.ifast.common.controller.DictController.sysDict()', '{}', '127.0.0.1', '2018-08-30 23:12:55'), ('1035183588367323138', '1', 'admin', '查询数据字典key列表', '18', 'com.ifast.common.controller.DictController.listType()', '{}', '127.0.0.1', '2018-08-30 23:12:55'), ('1035183588816113666', '1', 'admin', '查询数据字典列表', '58', 'com.ifast.common.controller.DictController.list()', '{\"pageNumber\":[\"1\"],\"pageSize\":[\"10\"],\"type\":[\"\"]}', '127.0.0.1', '2018-08-30 23:12:55'), ('1035183592452575234', '1', 'admin', '进入文件管理页面', '0', 'com.ifast.oss.controller.FileController.sysFile()', '{}', '127.0.0.1', '2018-08-30 23:12:56'), ('1035183593471791105', '1', 'admin', '查询文件列表', '23', 'com.ifast.oss.controller.FileController.list()', '{\"type\":[\"\"],\"pageNumber\":[\"1\"],\"pageSize\":[\"12\"]}', '127.0.0.1', '2018-08-30 23:12:56'), ('1035183599020855298', '1', 'admin', '进入系统配置页面', '0', 'com.ifast.common.controller.ConfigController.Config()', '{}', '127.0.0.1', '2018-08-30 23:12:57'), ('1035183600396587010', '1', 'admin', '查询系统配置列表', '10', 'com.ifast.common.controller.ConfigController.list()', '{\"pageNumber\":[\"1\"],\"pageSize\":[\"10\"]}', '127.0.0.1', '2018-08-30 23:12:58'), ('1035183607480766466', '1', 'admin', '进入系统用户列表页面', '0', 'com.ifast.sys.controller.UserController.user()', '{}', '127.0.0.1', '2018-08-30 23:12:59'), ('1035183608604839937', '1', 'admin', '查询部门树形数据', '13', 'com.ifast.sys.controller.DeptController.tree()', '{}', '127.0.0.1', '2018-08-30 23:13:00'), ('1035183608743251970', '1', 'admin', '查询系统用户列表', '16', 'com.ifast.sys.controller.UserController.list()', '{\"pageNumber\":[\"1\"],\"pageSize\":[\"10\"],\"name\":[\"\"],\"deptId\":[\"\"]}', '127.0.0.1', '2018-08-30 23:13:00'), ('1035183611402440706', '1', 'admin', '进入系统角色页面', '0', 'com.ifast.sys.controller.RoleController.role()', '{}', '127.0.0.1', '2018-08-30 23:13:00'), ('1035183612673314818', '1', 'admin', '查询系统角色菜单', '2', 'com.ifast.sys.controller.RoleController.list()', '{\"order\":[\"asc\"],\"limit\":[\"10\"],\"offset\":[\"0\"]}', '127.0.0.1', '2018-08-30 23:13:01'), ('1035183615026319362', '1', 'admin', '进入系统菜单页面', '0', 'com.ifast.sys.controller.MenuController.menu()', '{}', '127.0.0.1', '2018-08-30 23:13:01'), ('1035183616242667522', '1', 'admin', '查询菜单列表', '7', 'com.ifast.sys.controller.MenuController.list()', '{}', '127.0.0.1', '2018-08-30 23:13:02'), ('1035183618872496130', '1', 'admin', '进入部分页面', '0', 'com.ifast.sys.controller.DeptController.dept()', '{}', '127.0.0.1', '2018-08-30 23:13:02'), ('1035183620164341761', '1', 'admin', '获取部门列表', '19', 'com.ifast.sys.controller.DeptController.list()', '{}', '127.0.0.1', '2018-08-30 23:13:02'), ('1035183628565532673', '1', 'admin', '进入代码生成页面', '0', 'com.ifast.generator.controller.GeneratorController.generator()', '{}', '127.0.0.1', '2018-08-30 23:13:04'), ('1035183629572165633', '1', 'admin', '查询数据表列表', '11', 'com.ifast.generator.controller.GeneratorController.list()', '{\"order\":[\"asc\"],\"limit\":[\"10\"],\"offset\":[\"0\"]}', '127.0.0.1', '2018-08-30 23:13:05'), ('1035183632235548673', '1', 'admin', '进入定时任务管理页面', '0', 'com.ifast.job.controller.JobController.taskScheduleJob()', '{}', '127.0.0.1', '2018-08-30 23:13:05'), ('1035183633300901889', '1', 'admin', '查询定时任务列表', '15', 'com.ifast.job.controller.JobController.list()', '{\"pageNumber\":[\"1\"],\"pageSize\":[\"10\"]}', '127.0.0.1', '2018-08-30 23:13:06'), ('1035183639906930690', '1', 'admin', '进入在线用户列表页面', '3', 'com.ifast.sys.controller.SessionController.online()', '{}', '127.0.0.1', '2018-08-30 23:13:07'), ('1035183640921952258', '1', 'admin', '查询在线用户列表数据', '2', 'com.ifast.sys.controller.SessionController.list()', '{\"limit\":[\"10\"],\"offset\":[\"0\"],\"name\":[\"\"]}', '127.0.0.1', '2018-08-30 23:13:07'), ('1035183643363037186', '1', 'admin', '进入系统日志列表页面', '0', 'com.ifast.common.controller.LogController.log()', '{}', '127.0.0.1', '2018-08-30 23:13:08'), ('1035183644440973314', '1', 'admin', '查询系统日志列表', '10', 'com.ifast.common.controller.LogController.list()', '{\"pageNumber\":[\"1\"],\"pageSize\":[\"10\"],\"sort\":[\"gmtCreate\"],\"order\":[\"desc\"],\"operation\":[\"\"],\"username\":[\"\"]}', '127.0.0.1', '2018-08-30 23:13:08'), ('1035183764549062658', '-1', '{}', 'api测试-登录', '29', 'com.ifast.api.controller.AppUserController.token()', '{}', '127.0.0.1', '2018-08-30 23:13:37'), ('1035183823386759170', '1034088697579159554', 'appUser', 'api测试-需要认证才能访问', '1', 'com.ifast.api.controller.AppUserController.requireAuth()', '{}', '127.0.0.1', '2018-08-30 23:13:51'), ('1035183849416609793', '1034088697579159554', 'appUser', 'api测试-需要api:user:update权限才能访问', '0', 'com.ifast.api.controller.AppUserController.requirePermission()', '{}', '127.0.0.1', '2018-08-30 23:13:57'), ('1035183870417489921', '1034088697579159554', 'appUser', 'api测试-需要api角色才能访问', '0', 'com.ifast.api.controller.AppUserController.requireRole()', '{}', '127.0.0.1', '2018-08-30 23:14:02'), ('1035425565419667458', '1', 'admin', '登录', '41', 'com.ifast.sys.controller.LoginController.ajaxLogin()', '{\"username\":[\"admin\"],\"password\":[\"1\"]}', '127.0.0.1', '2018-08-31 15:14:27'), ('1035425565717463042', '1', 'admin', '请求访问主页', '27', 'com.ifast.sys.controller.LoginController.index()', '{}', '127.0.0.1', '2018-08-31 15:14:27'), ('1035425566472437761', '1', 'admin', '主页', '0', 'com.ifast.sys.controller.LoginController.main()', '{}', '127.0.0.1', '2018-08-31 15:14:27'), ('1035425567307104258', '1', 'admin', '主页', '0', 'com.ifast.sys.controller.LoginController.main()', '{}', '127.0.0.1', '2018-08-31 15:14:27'), ('1035425576400355329', '1', 'admin', '进入数据字典列表页面', '0', 'com.ifast.common.controller.DictController.sysDict()', '{}', '127.0.0.1', '2018-08-31 15:14:29'), ('1035425578946297858', '1', 'admin', '查询数据字典key列表', '17', 'com.ifast.common.controller.DictController.listType()', '{}', '127.0.0.1', '2018-08-31 15:14:30'), ('1035425579307008001', '1', 'admin', '查询数据字典列表', '55', 'com.ifast.common.controller.DictController.list()', '{\"pageNumber\":[\"1\"],\"pageSize\":[\"10\"],\"type\":[\"\"]}', '127.0.0.1', '2018-08-31 15:14:30'), ('1035425579348951041', '1', 'admin', '进入文件管理页面', '1', 'com.ifast.oss.controller.FileController.sysFile()', '{}', '127.0.0.1', '2018-08-31 15:14:30'), ('1035425580481413121', '1', 'admin', '查询文件列表', '18', 'com.ifast.oss.controller.FileController.list()', '{\"type\":[\"\"],\"pageNumber\":[\"1\"],\"pageSize\":[\"12\"]}', '127.0.0.1', '2018-08-31 15:14:30'), ('1035425597950689281', '1', 'admin', '进入文件管理页面', '0', 'com.ifast.oss.controller.FileController.sysFile()', '{}', '127.0.0.1', '2018-08-31 15:14:34'), ('1035425598789550081', '1', 'admin', '查询文件列表', '5', 'com.ifast.oss.controller.FileController.list()', '{\"type\":[\"\"],\"pageNumber\":[\"1\"],\"pageSize\":[\"12\"]}', '127.0.0.1', '2018-08-31 15:14:35'), ('1035425642255122433', '1', 'admin', '进入系统配置页面', '0', 'com.ifast.common.controller.ConfigController.Config()', '{}', '127.0.0.1', '2018-08-31 15:14:45'), ('1035425644536823809', '1', 'admin', '查询系统配置列表', '15', 'com.ifast.common.controller.ConfigController.list()', '{\"pageNumber\":[\"1\"],\"pageSize\":[\"10\"]}', '127.0.0.1', '2018-08-31 15:14:46'), ('1035427248241541122', '1', 'admin', '登录', '11', 'com.ifast.sys.controller.LoginController.ajaxLogin()', '{\"username\":[\"admin\"],\"password\":[\"1\"]}', '127.0.0.1', '2018-08-31 15:21:08'), ('1035427248468033537', '1', 'admin', '请求访问主页', '28', 'com.ifast.sys.controller.LoginController.index()', '{}', '127.0.0.1', '2018-08-31 15:21:08'), ('1035427249147510785', '1', 'admin', '主页', '0', 'com.ifast.sys.controller.LoginController.main()', '{}', '127.0.0.1', '2018-08-31 15:21:08'), ('1035427250254807042', '1', 'admin', '主页', '0', 'com.ifast.sys.controller.LoginController.main()', '{}', '127.0.0.1', '2018-08-31 15:21:08'), ('1035427259461304321', '1', 'admin', '进入系统角色页面', '0', 'com.ifast.sys.controller.RoleController.role()', '{}', '127.0.0.1', '2018-08-31 15:21:11'), ('1035427261201940481', '1', 'admin', '查询系统角色菜单', '3', 'com.ifast.sys.controller.RoleController.list()', '{\"order\":[\"asc\"],\"limit\":[\"10\"],\"offset\":[\"0\"]}', '127.0.0.1', '2018-08-31 15:21:11'), ('1035427500210159618', '1', 'admin', '进入系统用户列表页面', '0', 'com.ifast.sys.controller.UserController.user()', '{}', '127.0.0.1', '2018-08-31 15:22:08'), ('1035427501896269825', '1', 'admin', '查询部门树形数据', '13', 'com.ifast.sys.controller.DeptController.tree()', '{}', '127.0.0.1', '2018-08-31 15:22:08'), ('1035427501963378689', '1', 'admin', '查询系统用户列表', '11', 'com.ifast.sys.controller.UserController.list()', '{\"pageNumber\":[\"1\"],\"pageSize\":[\"10\"],\"name\":[\"\"],\"deptId\":[\"\"]}', '127.0.0.1', '2018-08-31 15:22:08'), ('1035427520946798594', '1', 'admin', '进入部分页面', '0', 'com.ifast.sys.controller.DeptController.dept()', '{}', '127.0.0.1', '2018-08-31 15:22:13'), ('1035427522712600577', '1', 'admin', '获取部门列表', '6', 'com.ifast.sys.controller.DeptController.list()', '{}', '127.0.0.1', '2018-08-31 15:22:13'), ('1035429820201336833', '1', 'admin', '请求访问主页', '29', 'com.ifast.sys.controller.LoginController.index()', '{}', '127.0.0.1', '2018-08-31 15:31:21'), ('1035429821069557762', '1', 'admin', '主页', '0', 'com.ifast.sys.controller.LoginController.main()', '{}', '127.0.0.1', '2018-08-31 15:31:21'), ('1035429822239768577', '1', 'admin', '主页', '0', 'com.ifast.sys.controller.LoginController.main()', '{}', '127.0.0.1', '2018-08-31 15:31:22'), ('1036512272781078529', '-1', '{}', '重定向到登录', '0', 'com.ifast.sys.controller.LoginController.welcome()', '{}', '127.0.0.1', '2018-09-03 15:12:38'), ('1036512600037453826', '-1', '{}', '发送验证码', '183', 'com.ifast.sms.controller.SmsController.send()', '{}', '127.0.0.1', '2018-09-03 15:13:56'), ('1036513523031797761', '-1', '{}', '发送验证码', '118', 'com.ifast.sms.controller.SmsController.send()', '{}', '127.0.0.1', '2018-09-03 15:17:36'), ('1036533046682243074', '-1', '{}', '发送验证码', '2991', 'com.ifast.sms.controller.SmsController.send()', '{}', '127.0.0.1', '2018-09-03 16:35:11'), ('1036533046682243075', '-1', '{}', '发送验证码', '81529', 'com.ifast.sms.controller.SmsController.send()', '{}', '127.0.0.1', '2018-09-03 16:35:11'), ('1036536395565555713', '-1', '{}', '发送验证码', '2602', 'com.ifast.sms.controller.SmsController.send()', '{}', '127.0.0.1', '2018-09-03 16:48:29'), ('1036541452113588226', '-1', '{}', '发送验证码', '205', 'com.ifast.sms.controller.SmsController.send()', '{}', '127.0.0.1', '2018-09-03 17:08:35'), ('1036541877596352514', '-1', '{}', '发送验证码', '173', 'com.ifast.sms.controller.SmsController.send()', '{}', '127.0.0.1', '2018-09-03 17:10:16'), ('1036545646878949377', '-1', '{}', '发送验证码', '63', 'com.ifast.sms.controller.SmsController.send()', '{}', '127.0.0.1', '2018-09-03 17:25:15'), ('1036547004847792130', '-1', '{}', '发送验证码', '64', 'com.ifast.sms.controller.SmsController.send()', '{}', '127.0.0.1', '2018-09-03 17:30:39'), ('1036547038033125377', '-1', '{}', '发送验证码', '2', 'com.ifast.sms.controller.SmsController.send()', '{}', '127.0.0.1', '2018-09-03 17:30:47'), ('1036547701886607362', '-1', '{}', '发送验证码', '71', 'com.ifast.sms.controller.SmsController.send()', '{}', '127.0.0.1', '2018-09-03 17:33:25'), ('1036547722736492545', '-1', '{}', '发送验证码', '2', 'com.ifast.sms.controller.SmsController.send()', '{}', '127.0.0.1', '2018-09-03 17:33:30'), ('1036548082398060546', '-1', '{}', '发送验证码', '7', 'com.ifast.sms.controller.SmsController.send()', '{}', '127.0.0.1', '2018-09-03 17:34:56'), ('1036554810644680706', '-1', '{}', '发送验证码', '64', 'com.ifast.sms.controller.SmsController.send()', '{}', '127.0.0.1', '2018-09-03 18:01:40'), ('1036557016370388994', '-1', '{}', '发送验证码', '65', 'com.ifast.sms.controller.SmsController.send()', '{}', '127.0.0.1', '2018-09-03 18:10:26'), ('1036557074289532930', '-1', '{}', '发送验证码', '2', 'com.ifast.sms.controller.SmsController.send()', '{}', '127.0.0.1', '2018-09-03 18:10:39'), ('1036557421460455425', '-1', '{}', '校验验证码', '51', 'com.ifast.sms.controller.SmsController.verify()', '{}', '127.0.0.1', '2018-09-03 18:12:02'), ('1036950291602440194', '-1', '{}', '重定向到登录', '1', 'com.ifast.sys.controller.LoginController.welcome()', '{}', '127.0.0.1', '2018-09-04 20:13:10'), ('1036950306408333313', '1', 'admin', '登录', '74', 'com.ifast.sys.controller.LoginController.ajaxLogin()', '{\"username\":[\"admin\"],\"password\":[\"1\"]}', '127.0.0.1', '2018-09-04 20:13:13'), ('1036950306668380162', '1', 'admin', '请求访问主页', '33', 'com.ifast.sys.controller.LoginController.index()', '{}', '127.0.0.1', '2018-09-04 20:13:13'), ('1036950307263971329', '1', 'admin', '主页', '0', 'com.ifast.sys.controller.LoginController.main()', '{}', '127.0.0.1', '2018-09-04 20:13:14'), ('1036950308304158722', '1', 'admin', '主页', '0', 'com.ifast.sys.controller.LoginController.main()', '{}', '127.0.0.1', '2018-09-04 20:13:14'), ('1036950316239781889', '1', 'admin', '进入数据字典列表页面', '1', 'com.ifast.common.controller.DictController.sysDict()', '{}', '127.0.0.1', '2018-09-04 20:13:16'), ('1036950317766508546', '1', 'admin', '查询数据字典列表', '53', 'com.ifast.common.controller.DictController.list()', '{\"pageNumber\":[\"1\"],\"pageSize\":[\"10\"],\"type\":[\"\"]}', '127.0.0.1', '2018-09-04 20:13:16'), ('1036950320316645378', '1', 'admin', '进入文件管理页面', '0', 'com.ifast.oss.controller.FileController.sysFile()', '{}', '127.0.0.1', '2018-09-04 20:13:17'), ('1036950321138728962', '1', 'admin', '查询文件列表', '18', 'com.ifast.oss.controller.FileController.list()', '{\"type\":[\"\"],\"pageNumber\":[\"1\"],\"pageSize\":[\"12\"]}', '127.0.0.1', '2018-09-04 20:13:17'), ('1036950326822010881', '1', 'admin', '进入系统配置页面', '0', 'com.ifast.common.controller.ConfigController.Config()', '{}', '127.0.0.1', '2018-09-04 20:13:18'), ('1036950327795089410', '1', 'admin', '查询系统配置列表', '13', 'com.ifast.common.controller.ConfigController.list()', '{\"pageNumber\":[\"1\"],\"pageSize\":[\"10\"]}', '127.0.0.1', '2018-09-04 20:13:18'), ('1036950337400045570', '1', 'admin', '进入系统用户列表页面', '0', 'com.ifast.sys.controller.UserController.user()', '{}', '127.0.0.1', '2018-09-04 20:13:21'), ('1036950338326986754', '1', 'admin', '查询部门树形数据', '16', 'com.ifast.sys.controller.DeptController.tree()', '{}', '127.0.0.1', '2018-09-04 20:13:21'), ('1036950338423455746', '1', 'admin', '查询系统用户列表', '14', 'com.ifast.sys.controller.UserController.list()', '{\"pageNumber\":[\"1\"],\"pageSize\":[\"10\"],\"name\":[\"\"],\"deptId\":[\"\"]}', '127.0.0.1', '2018-09-04 20:13:21'), ('1036950340138926082', '1', 'admin', '进入系统角色页面', '0', 'com.ifast.sys.controller.RoleController.role()', '{}', '127.0.0.1', '2018-09-04 20:13:21'), ('1036950341049090050', '1', 'admin', '查询系统角色菜单', '3', 'com.ifast.sys.controller.RoleController.list()', '{\"order\":[\"asc\"],\"limit\":[\"10\"],\"offset\":[\"0\"]}', '127.0.0.1', '2018-09-04 20:13:22'), ('1036950342634536962', '1', 'admin', '进入系统菜单页面', '0', 'com.ifast.sys.controller.MenuController.menu()', '{}', '127.0.0.1', '2018-09-04 20:13:22'), ('1036950343641169922', '1', 'admin', '查询菜单列表', '24', 'com.ifast.sys.controller.MenuController.list()', '{}', '127.0.0.1', '2018-09-04 20:13:22'), ('1036950358426091522', '1', 'admin', '进入部分页面', '0', 'com.ifast.sys.controller.DeptController.dept()', '{}', '127.0.0.1', '2018-09-04 20:13:26'), ('1036950359319478273', '1', 'admin', '获取部门列表', '6', 'com.ifast.sys.controller.DeptController.list()', '{}', '127.0.0.1', '2018-09-04 20:13:26'), ('1036950365187309569', '1', 'admin', '进入代码生成页面', '0', 'com.ifast.generator.controller.GeneratorController.generator()', '{}', '127.0.0.1', '2018-09-04 20:13:27'), ('1036950366021976066', '1', 'admin', '查询数据表列表', '12', 'com.ifast.generator.controller.GeneratorController.list()', '{\"order\":[\"asc\"],\"limit\":[\"10\"],\"offset\":[\"0\"]}', '127.0.0.1', '2018-09-04 20:13:28'), ('1036950387463258114', '1', 'admin', '请求访问主页', '6', 'com.ifast.sys.controller.LoginController.index()', '{}', '127.0.0.1', '2018-09-04 20:13:33'), ('1036950388067237890', '1', 'admin', '主页', '0', 'com.ifast.sys.controller.LoginController.main()', '{}', '127.0.0.1', '2018-09-04 20:13:33'), ('1036950389665267713', '1', 'admin', '主页', '0', 'com.ifast.sys.controller.LoginController.main()', '{}', '127.0.0.1', '2018-09-04 20:13:33'), ('1036950399995838466', '-1', '{}', '重定向到登录', '0', 'com.ifast.sys.controller.LoginController.welcome()', '{}', '127.0.0.1', '2018-09-04 20:13:36'), ('1036950442815488001', '1', 'admin', '登录', '3', 'com.ifast.sys.controller.LoginController.ajaxLogin()', '{\"username\":[\"admin\"],\"password\":[\"1\"]}', '127.0.0.1', '2018-09-04 20:13:46'), ('1036950442886791169', '1', 'admin', '请求访问主页', '5', 'com.ifast.sys.controller.LoginController.index()', '{}', '127.0.0.1', '2018-09-04 20:13:46'), ('1036950443469799426', '1', 'admin', '主页', '0', 'com.ifast.sys.controller.LoginController.main()', '{}', '127.0.0.1', '2018-09-04 20:13:46'), ('1036950444224774145', '1', 'admin', '主页', '0', 'com.ifast.sys.controller.LoginController.main()', '{}', '127.0.0.1', '2018-09-04 20:13:46'), ('1036950477271695361', '1', 'admin', '进入系统用户列表页面', '0', 'com.ifast.sys.controller.UserController.user()', '{}', '127.0.0.1', '2018-09-04 20:13:54'), ('1036950478047641601', '1', 'admin', '查询部门树形数据', '2', 'com.ifast.sys.controller.DeptController.tree()', '{}', '127.0.0.1', '2018-09-04 20:13:54'), ('1036950478127333378', '1', 'admin', '查询系统用户列表', '3', 'com.ifast.sys.controller.UserController.list()', '{\"pageNumber\":[\"1\"],\"pageSize\":[\"10\"],\"name\":[\"\"],\"deptId\":[\"\"]}', '127.0.0.1', '2018-09-04 20:13:54'), ('1036950514944933889', '1', 'admin', '进入系统角色页面', '0', 'com.ifast.sys.controller.RoleController.role()', '{}', '127.0.0.1', '2018-09-04 20:14:03'), ('1036950515720880130', '1', 'admin', '查询系统角色菜单', '1', 'com.ifast.sys.controller.RoleController.list()', '{\"order\":[\"asc\"],\"limit\":[\"10\"],\"offset\":[\"0\"]}', '127.0.0.1', '2018-09-04 20:14:03'), ('1036950517876752385', '1', 'admin', '进入系统菜单页面', '0', 'com.ifast.sys.controller.MenuController.menu()', '{}', '127.0.0.1', '2018-09-04 20:14:04'), ('1036950518635921410', '1', 'admin', '查询菜单列表', '3', 'com.ifast.sys.controller.MenuController.list()', '{}', '127.0.0.1', '2018-09-04 20:14:04'), ('1036950536025505793', '1', 'admin', '登录', '3', 'com.ifast.sys.controller.LoginController.ajaxLogin()', '{\"username\":[\"admin\"],\"password\":[\"1\"]}', '127.0.0.1', '2018-09-04 20:14:08'), ('1036950536084226049', '1', 'admin', '请求访问主页', '4', 'com.ifast.sys.controller.LoginController.index()', '{}', '127.0.0.1', '2018-09-04 20:14:08'), ('1036950536503656449', '1', 'admin', '主页', '0', 'com.ifast.sys.controller.LoginController.main()', '{}', '127.0.0.1', '2018-09-04 20:14:08'), ('1036950537254436866', '1', 'admin', '主页', '0', 'com.ifast.sys.controller.LoginController.main()', '{}', '127.0.0.1', '2018-09-04 20:14:08'), ('1036950561568817154', '1', 'admin', '请求访问主页', '5', 'com.ifast.sys.controller.LoginController.index()', '{}', '127.0.0.1', '2018-09-04 20:14:14'), ('1036950561942110210', '1', 'admin', '主页', '0', 'com.ifast.sys.controller.LoginController.main()', '{}', '127.0.0.1', '2018-09-04 20:14:14'), ('1036950562718056450', '1', 'admin', '主页', '0', 'com.ifast.sys.controller.LoginController.main()', '{}', '127.0.0.1', '2018-09-04 20:14:14'), ('1036950567180795905', '1', 'admin', '请求访问主页', '2', 'com.ifast.sys.controller.LoginController.index()', '{}', '127.0.0.1', '2018-09-04 20:14:15'), ('1036950567453425666', '1', 'admin', '主页', '0', 'com.ifast.sys.controller.LoginController.main()', '{}', '127.0.0.1', '2018-09-04 20:14:16'), ('1036950567998685185', '1', 'admin', '主页', '0', 'com.ifast.sys.controller.LoginController.main()', '{}', '127.0.0.1', '2018-09-04 20:14:16'), ('1036950574478884865', '1', 'admin', '进入文件管理页面', '0', 'com.ifast.oss.controller.FileController.sysFile()', '{}', '127.0.0.1', '2018-09-04 20:14:17'), ('1036950575070281729', '1', 'admin', '查询文件列表', '21', 'com.ifast.oss.controller.FileController.list()', '{\"type\":[\"\"],\"pageNumber\":[\"1\"],\"pageSize\":[\"12\"]}', '127.0.0.1', '2018-09-04 20:14:17'), ('1036950583207231489', '1', 'admin', '进入系统配置页面', '0', 'com.ifast.common.controller.ConfigController.Config()', '{}', '127.0.0.1', '2018-09-04 20:14:19'), ('1036950583911874561', '1', 'admin', '查询系统配置列表', '5', 'com.ifast.common.controller.ConfigController.list()', '{\"pageNumber\":[\"1\"],\"pageSize\":[\"10\"]}', '127.0.0.1', '2018-09-04 20:14:19'), ('1036950601456648194', '1', 'admin', '进入系统用户列表页面', '0', 'com.ifast.sys.controller.UserController.user()', '{}', '127.0.0.1', '2018-09-04 20:14:24'), ('1036950602131931137', '1', 'admin', '查询部门树形数据', '2', 'com.ifast.sys.controller.DeptController.tree()', '{}', '127.0.0.1', '2018-09-04 20:14:24'), ('1036950602199040002', '1', 'admin', '查询系统用户列表', '5', 'com.ifast.sys.controller.UserController.list()', '{\"pageNumber\":[\"1\"],\"pageSize\":[\"10\"],\"name\":[\"\"],\"deptId\":[\"\"]}', '127.0.0.1', '2018-09-04 20:14:24'), ('1036950612135346177', '-1', '{}', '重定向到登录', '0', 'com.ifast.sys.controller.LoginController.welcome()', '{}', '127.0.0.1', '2018-09-04 20:14:26'), ('1036950692645011458', '1', 'admin', '登录', '3', 'com.ifast.sys.controller.LoginController.ajaxLogin()', '{\"username\":[\"admin\"],\"password\":[\"1\"]}', '127.0.0.1', '2018-09-04 20:14:45'), ('1036950692716314626', '1', 'admin', '请求访问主页', '3', 'com.ifast.sys.controller.LoginController.index()', '{}', '127.0.0.1', '2018-09-04 20:14:45'), ('1036950693102190594', '1', 'admin', '主页', '0', 'com.ifast.sys.controller.LoginController.main()', '{}', '127.0.0.1', '2018-09-04 20:14:46'), ('1036950693806833665', '1', 'admin', '主页', '0', 'com.ifast.sys.controller.LoginController.main()', '{}', '127.0.0.1', '2018-09-04 20:14:46'), ('1036951025345593345', '1', 'admin', '进入数据字典列表页面', '0', 'com.ifast.common.controller.DictController.sysDict()', '{}', '127.0.0.1', '2018-09-04 20:16:05'), ('1036951026444500994', '1', 'admin', '查询数据字典列表', '9', 'com.ifast.common.controller.DictController.list()', '{\"pageNumber\":[\"1\"],\"pageSize\":[\"10\"],\"type\":[\"\"]}', '127.0.0.1', '2018-09-04 20:16:05'), ('1036951028512292866', '1', 'admin', '进入文件管理页面', '0', 'com.ifast.oss.controller.FileController.sysFile()', '{}', '127.0.0.1', '2018-09-04 20:16:05'), ('1036951029112078338', '1', 'admin', '查询文件列表', '3', 'com.ifast.oss.controller.FileController.list()', '{\"type\":[\"\"],\"pageNumber\":[\"1\"],\"pageSize\":[\"12\"]}', '127.0.0.1', '2018-09-04 20:16:06'), ('1036951044710694914', '1', 'admin', '进入系统用户列表页面', '0', 'com.ifast.sys.controller.UserController.user()', '{}', '127.0.0.1', '2018-09-04 20:16:09'), ('1036951045440503809', '1', 'admin', '查询部门树形数据', '18', 'com.ifast.sys.controller.DeptController.tree()', '{}', '127.0.0.1', '2018-09-04 20:16:10'), ('1036951045465669634', '1', 'admin', '查询系统用户列表', '8', 'com.ifast.sys.controller.UserController.list()', '{\"pageNumber\":[\"1\"],\"pageSize\":[\"10\"],\"name\":[\"\"],\"deptId\":[\"\"]}', '127.0.0.1', '2018-09-04 20:16:10'), ('1036951046954647553', '1', 'admin', '进入系统菜单页面', '0', 'com.ifast.sys.controller.MenuController.menu()', '{}', '127.0.0.1', '2018-09-04 20:16:10'), ('1036951047772536834', '1', 'admin', '查询菜单列表', '4', 'com.ifast.sys.controller.MenuController.list()', '{}', '127.0.0.1', '2018-09-04 20:16:10'), ('1036951053912997890', '1', 'admin', '进入代码生成页面', '0', 'com.ifast.generator.controller.GeneratorController.generator()', '{}', '127.0.0.1', '2018-09-04 20:16:12'), ('1036951054588280834', '1', 'admin', '查询数据表列表', '2', 'com.ifast.generator.controller.GeneratorController.list()', '{\"order\":[\"asc\"],\"limit\":[\"10\"],\"offset\":[\"0\"]}', '127.0.0.1', '2018-09-04 20:16:12'), ('1036951056735764482', '1', 'admin', '进入定时任务管理页面', '0', 'com.ifast.job.controller.JobController.taskScheduleJob()', '{}', '127.0.0.1', '2018-09-04 20:16:12'), ('1036951057603985410', '1', 'admin', '查询定时任务列表', '18', 'com.ifast.job.controller.JobController.list()', '{\"pageNumber\":[\"1\"],\"pageSize\":[\"10\"]}', '127.0.0.1', '2018-09-04 20:16:12'), ('1036951063425679362', '1', 'admin', '进入系统日志列表页面', '0', 'com.ifast.common.controller.LogController.log()', '{}', '127.0.0.1', '2018-09-04 20:16:14'), ('1036951064230985730', '1', 'admin', '查询系统日志列表', '10', 'com.ifast.common.controller.LogController.list()', '{\"pageNumber\":[\"1\"],\"pageSize\":[\"10\"],\"sort\":[\"gmtCreate\"],\"order\":[\"desc\"],\"operation\":[\"\"],\"username\":[\"\"]}', '127.0.0.1', '2018-09-04 20:16:14'), ('1036951066290388993', '1', 'admin', '进入在线用户列表页面', '3', 'com.ifast.sys.controller.SessionController.online()', '{}', '127.0.0.1', '2018-09-04 20:16:14'), ('1036951067104083970', '1', 'admin', '查询在线用户列表数据', '6', 'com.ifast.sys.controller.SessionController.list()', '{\"name\":[\"\"]}', '127.0.0.1', '2018-09-04 20:16:15'), ('1036982758887620609', '1', 'admin', '重定向到登录', '0', 'com.ifast.sys.controller.LoginController.welcome()', '{}', '127.0.0.1', '2018-09-04 22:22:11'), ('1036982772758183937', '1', 'admin', '登录', '2', 'com.ifast.sys.controller.LoginController.ajaxLogin()', '{\"username\":[\"admin\"],\"password\":[\"1\"]}', '127.0.0.1', '2018-09-04 22:22:14'), ('1036982772821098497', '1', 'admin', '请求访问主页', '4', 'com.ifast.sys.controller.LoginController.index()', '{}', '127.0.0.1', '2018-09-04 22:22:14'), ('1036982773085339649', '1', 'admin', '主页', '0', 'com.ifast.sys.controller.LoginController.main()', '{}', '127.0.0.1', '2018-09-04 22:22:14'), ('1036982774003892225', '1', 'admin', '主页', '0', 'com.ifast.sys.controller.LoginController.main()', '{}', '127.0.0.1', '2018-09-04 22:22:14'), ('1036982782262476802', '1', 'admin', '进入数据字典列表页面', '0', 'com.ifast.common.controller.DictController.sysDict()', '{}', '127.0.0.1', '2018-09-04 22:22:16'), ('1036982783193612290', '1', 'admin', '查询数据字典列表', '5', 'com.ifast.common.controller.DictController.list()', '{\"pageNumber\":[\"1\"],\"pageSize\":[\"10\"],\"type\":[\"\"]}', '127.0.0.1', '2018-09-04 22:22:16'), ('1036982786020573185', '1', 'admin', '进入文件管理页面', '0', 'com.ifast.oss.controller.FileController.sysFile()', '{}', '127.0.0.1', '2018-09-04 22:22:17'), ('1036982786574221314', '1', 'admin', '查询文件列表', '4', 'com.ifast.oss.controller.FileController.list()', '{\"type\":[\"\"],\"pageNumber\":[\"1\"],\"pageSize\":[\"12\"]}', '127.0.0.1', '2018-09-04 22:22:17'), ('1036982796464390146', '1', 'admin', '进入系统配置页面', '0', 'com.ifast.common.controller.ConfigController.Config()', '{}', '127.0.0.1', '2018-09-04 22:22:20'), ('1036982797261307906', '1', 'admin', '查询系统配置列表', '5', 'com.ifast.common.controller.ConfigController.list()', '{\"pageNumber\":[\"1\"],\"pageSize\":[\"10\"]}', '127.0.0.1', '2018-09-04 22:22:20'), ('1036982804966244353', '1', 'admin', '进入系统用户列表页面', '0', 'com.ifast.sys.controller.UserController.user()', '{}', '127.0.0.1', '2018-09-04 22:22:22'), ('1036982805641527297', '1', 'admin', '查询部门树形数据', '2', 'com.ifast.sys.controller.DeptController.tree()', '{}', '127.0.0.1', '2018-09-04 22:22:22'), ('1036982805712830466', '1', 'admin', '查询系统用户列表', '5', 'com.ifast.sys.controller.UserController.list()', '{\"pageNumber\":[\"1\"],\"pageSize\":[\"10\"],\"name\":[\"\"],\"deptId\":[\"\"]}', '127.0.0.1', '2018-09-04 22:22:22'), ('1036982808971804673', '1', 'admin', '进入系统角色页面', '0', 'com.ifast.sys.controller.RoleController.role()', '{}', '127.0.0.1', '2018-09-04 22:22:23'), ('1036982809739362305', '1', 'admin', '查询系统角色菜单', '1', 'com.ifast.sys.controller.RoleController.list()', '{\"order\":[\"asc\"],\"limit\":[\"10\"],\"offset\":[\"0\"]}', '127.0.0.1', '2018-09-04 22:22:23'), ('1036982815737217025', '1', 'admin', '进入系统菜单页面', '0', 'com.ifast.sys.controller.MenuController.menu()', '{}', '127.0.0.1', '2018-09-04 22:22:24'), ('1036982816500580353', '1', 'admin', '查询菜单列表', '4', 'com.ifast.sys.controller.MenuController.list()', '{}', '127.0.0.1', '2018-09-04 22:22:24'), ('1036982822972391426', '1', 'admin', '进入部分页面', '0', 'com.ifast.sys.controller.DeptController.dept()', '{}', '127.0.0.1', '2018-09-04 22:22:26'), ('1036982823723171841', '1', 'admin', '获取部门列表', '1', 'com.ifast.sys.controller.DeptController.list()', '{}', '127.0.0.1', '2018-09-04 22:22:26'), ('1036982849274871809', '1', 'admin', '进入代码生成页面', '0', 'com.ifast.generator.controller.GeneratorController.generator()', '{}', '127.0.0.1', '2018-09-04 22:22:32'), ('1036982850092761089', '1', 'admin', '查询数据表列表', '3', 'com.ifast.generator.controller.GeneratorController.list()', '{\"order\":[\"asc\"],\"limit\":[\"10\"],\"offset\":[\"0\"]}', '127.0.0.1', '2018-09-04 22:22:32'), ('1036982858741415938', '1', 'admin', '进入定时任务管理页面', '0', 'com.ifast.job.controller.JobController.taskScheduleJob()', '{}', '127.0.0.1', '2018-09-04 22:22:34'), ('1036982859391533057', '1', 'admin', '查询定时任务列表', '5', 'com.ifast.job.controller.JobController.list()', '{\"pageNumber\":[\"1\"],\"pageSize\":[\"10\"]}', '127.0.0.1', '2018-09-04 22:22:35'), ('1036983078799769602', '1', 'admin', '根据id和cmd执行/停止定时任务', '43', 'com.ifast.job.controller.JobController.changeJobStatus()', '{\"id\":[\"2\"],\"cmd\":[\"start\"]}', '127.0.0.1', '2018-09-04 22:23:27'), ('1036983078858489858', '1', 'admin', '查询定时任务列表', '5', 'com.ifast.job.controller.JobController.list()', '{\"pageNumber\":[\"1\"],\"pageSize\":[\"10\"]}', '127.0.0.1', '2018-09-04 22:23:27'), ('1036983094977200129', '1', 'admin', '立即执行一次任务', '21', 'com.ifast.job.controller.JobController.runNowOnce()', '{\"id\":[\"2\"]}', '127.0.0.1', '2018-09-04 22:23:31'), ('1036983095044308994', '1', 'admin', '查询定时任务列表', '6', 'com.ifast.job.controller.JobController.list()', '{\"pageNumber\":[\"1\"],\"pageSize\":[\"10\"]}', '127.0.0.1', '2018-09-04 22:23:31'), ('1036983171816849410', '1', 'admin', '立即执行一次任务', '9', 'com.ifast.job.controller.JobController.runNowOnce()', '{\"id\":[\"2\"]}', '127.0.0.1', '2018-09-04 22:23:49'), ('1036983171867181057', '1', 'admin', '查询定时任务列表', '3', 'com.ifast.job.controller.JobController.list()', '{\"pageNumber\":[\"1\"],\"pageSize\":[\"10\"]}', '127.0.0.1', '2018-09-04 22:23:49'), ('1036986291993112577', '-1', '{}', '重定向到登录', '0', 'com.ifast.sys.controller.LoginController.welcome()', '{}', '127.0.0.1', '2018-09-04 22:36:13'), ('1036986304760573954', '1', 'admin', '登录', '48', 'com.ifast.sys.controller.LoginController.ajaxLogin()', '{\"username\":[\"admin\"],\"password\":[\"1\"]}', '127.0.0.1', '2018-09-04 22:36:16'), ('1036986304970289154', '1', 'admin', '请求访问主页', '21', 'com.ifast.sys.controller.LoginController.index()', '{}', '127.0.0.1', '2018-09-04 22:36:16'), ('1036986305570074625', '1', 'admin', '主页', '0', 'com.ifast.sys.controller.LoginController.main()', '{}', '127.0.0.1', '2018-09-04 22:36:16'), ('1036986306710925314', '1', 'admin', '主页', '1', 'com.ifast.sys.controller.LoginController.main()', '{}', '127.0.0.1', '2018-09-04 22:36:16'), ('1036986323429421058', '1', 'admin', '进入定时任务管理页面', '0', 'com.ifast.job.controller.JobController.taskScheduleJob()', '{}', '127.0.0.1', '2018-09-04 22:36:20'), ('1036986324721266690', '1', 'admin', '查询定时任务列表', '76', 'com.ifast.job.controller.JobController.list()', '{\"pageNumber\":[\"1\"],\"pageSize\":[\"10\"]}', '127.0.0.1', '2018-09-04 22:36:21'), ('1036986346988826626', '1', 'admin', '根据id和cmd执行/停止定时任务', '22', 'com.ifast.job.controller.JobController.changeJobStatus()', '{\"id\":[\"2\"],\"cmd\":[\"stop\"]}', '127.0.0.1', '2018-09-04 22:36:26'), ('1036986347097878530', '1', 'admin', '查询定时任务列表', '10', 'com.ifast.job.controller.JobController.list()', '{\"pageNumber\":[\"1\"],\"pageSize\":[\"10\"]}', '127.0.0.1', '2018-09-04 22:36:26'), ('1036986351845830658', '1', 'admin', '进入定时任务编辑页面', '4', 'com.ifast.job.controller.JobController.edit()', '{}', '127.0.0.1', '2018-09-04 22:36:27'), ('1036986434909827073', '1', 'admin', '更新定时任务', '18', 'com.ifast.job.controller.JobController.update()', '{\"id\":[\"2\"],\"jobName\":[\"TestJob\"],\"jobGroup\":[\"group1\"],\"beanClass\":[\"com.ifast.job.jobs.TestJob\"],\"cronExpression\":[\"0/10 * * * * ?\"],\"description\":[\"测试\"],\"jobStatus\":[\"0\"]}', '127.0.0.1', '2018-09-04 22:36:47'), ('1036986435010490369', '1', 'admin', '查询定时任务列表', '11', 'com.ifast.job.controller.JobController.list()', '{\"pageNumber\":[\"1\"],\"pageSize\":[\"10\"]}', '127.0.0.1', '2018-09-04 22:36:47'), ('1036986454769856513', '1', 'admin', '根据id和cmd执行/停止定时任务', '24', 'com.ifast.job.controller.JobController.changeJobStatus()', '{\"id\":[\"2\"],\"cmd\":[\"start\"]}', '127.0.0.1', '2018-09-04 22:36:52'), ('1036986454853742593', '1', 'admin', '查询定时任务列表', '8', 'com.ifast.job.controller.JobController.list()', '{\"pageNumber\":[\"1\"],\"pageSize\":[\"10\"]}', '127.0.0.1', '2018-09-04 22:36:52'), ('1036986466459381762', '1', 'admin', '立即执行一次任务', '8', 'com.ifast.job.controller.JobController.runNowOnce()', '{\"id\":[\"2\"]}', '127.0.0.1', '2018-09-04 22:36:55'), ('1036986466543267842', '1', 'admin', '查询定时任务列表', '8', 'com.ifast.job.controller.JobController.list()', '{\"pageNumber\":[\"1\"],\"pageSize\":[\"10\"]}', '127.0.0.1', '2018-09-04 22:36:55'), ('1036986584218660865', '1', 'admin', '根据id和cmd执行/停止定时任务', '9', 'com.ifast.job.controller.JobController.changeJobStatus()', '{\"id\":[\"2\"],\"cmd\":[\"stop\"]}', '127.0.0.1', '2018-09-04 22:37:23'), ('1036986584382238722', '1', 'admin', '查询定时任务列表', '25', 'com.ifast.job.controller.JobController.list()', '{\"pageNumber\":[\"1\"],\"pageSize\":[\"10\"]}', '127.0.0.1', '2018-09-04 22:37:23'), ('1036986588828200962', '1', 'admin', '进入定时任务编辑页面', '4', 'com.ifast.job.controller.JobController.edit()', '{}', '127.0.0.1', '2018-09-04 22:37:24'), ('1036986697389371393', '1', 'admin', '更新定时任务', '6', 'com.ifast.job.controller.JobController.update()', '{\"id\":[\"2\"],\"jobName\":[\"TestJob\"],\"jobGroup\":[\"group1\"],\"beanClass\":[\"com.ifast.job.jobs.TestJob\"],\"cronExpression\":[\"0/30 * * * * ?\"],\"description\":[\"\"],\"jobStatus\":[\"0\"]}', '127.0.0.1', '2018-09-04 22:37:50'), ('1036986697473257473', '1', 'admin', '查询定时任务列表', '8', 'com.ifast.job.controller.JobController.list()', '{\"pageNumber\":[\"1\"],\"pageSize\":[\"10\"]}', '127.0.0.1', '2018-09-04 22:37:50'), ('1036986706180632578', '1', 'admin', '根据id和cmd执行/停止定时任务', '8', 'com.ifast.job.controller.JobController.changeJobStatus()', '{\"id\":[\"2\"],\"cmd\":[\"start\"]}', '127.0.0.1', '2018-09-04 22:37:52'), ('1036986706272907266', '1', 'admin', '查询定时任务列表', '10', 'com.ifast.job.controller.JobController.list()', '{\"pageNumber\":[\"1\"],\"pageSize\":[\"10\"]}', '127.0.0.1', '2018-09-04 22:37:52'), ('1036986715634593793', '1', 'admin', '立即执行一次任务', '5', 'com.ifast.job.controller.JobController.runNowOnce()', '{\"id\":[\"2\"]}', '127.0.0.1', '2018-09-04 22:37:54'), ('1036986715714285570', '1', 'admin', '查询定时任务列表', '7', 'com.ifast.job.controller.JobController.list()', '{\"pageNumber\":[\"1\"],\"pageSize\":[\"10\"]}', '127.0.0.1', '2018-09-04 22:37:54'), ('1036986744034226177', '1', 'admin', '立即执行一次任务', '6', 'com.ifast.job.controller.JobController.runNowOnce()', '{\"id\":[\"2\"]}', '127.0.0.1', '2018-09-04 22:38:01'), ('1036986744113917953', '1', 'admin', '查询定时任务列表', '9', 'com.ifast.job.controller.JobController.list()', '{\"pageNumber\":[\"1\"],\"pageSize\":[\"10\"]}', '127.0.0.1', '2018-09-04 22:38:01'), ('1036988331855114242', '1', 'admin', '进入数据字典列表页面', '0', 'com.ifast.common.controller.DictController.sysDict()', '{}', '127.0.0.1', '2018-09-04 22:44:19'), ('1036988333050490881', '1', 'admin', '查询数据字典列表', '12', 'com.ifast.common.controller.DictController.list()', '{\"pageNumber\":[\"1\"],\"pageSize\":[\"10\"],\"type\":[\"\"]}', '127.0.0.1', '2018-09-04 22:44:20'), ('1036988585799249922', '1', 'admin', '请求访问主页', '24', 'com.ifast.sys.controller.LoginController.index()', '{}', '127.0.0.1', '2018-09-04 22:45:20'), ('1036988586206097410', '1', 'admin', '主页', '0', 'com.ifast.sys.controller.LoginController.main()', '{}', '127.0.0.1', '2018-09-04 22:45:20'), ('1036988586961072130', '1', 'admin', '主页', '0', 'com.ifast.sys.controller.LoginController.main()', '{}', '127.0.0.1', '2018-09-04 22:45:20'), ('1036988596536668161', '1', 'admin', '进入数据字典列表页面', '0', 'com.ifast.common.controller.DictController.sysDict()', '{}', '127.0.0.1', '2018-09-04 22:45:22'), ('1036988597413277697', '1', 'admin', '查询数据字典列表', '11', 'com.ifast.common.controller.DictController.list()', '{\"pageNumber\":[\"1\"],\"pageSize\":[\"10\"],\"type\":[\"\"]}', '127.0.0.1', '2018-09-04 22:45:23'), ('1036988913684787201', '1', 'admin', '登录', '39', 'com.ifast.sys.controller.LoginController.ajaxLogin()', '{\"username\":[\"admin\"],\"password\":[\"1\"]}', '127.0.0.1', '2018-09-04 22:46:38'), ('1036988913894502402', '1', 'admin', '请求访问主页', '20', 'com.ifast.sys.controller.LoginController.index()', '{}', '127.0.0.1', '2018-09-04 22:46:38'), ('1036988914418790401', '1', 'admin', '主页', '0', 'com.ifast.sys.controller.LoginController.main()', '{}', '127.0.0.1', '2018-09-04 22:46:38'), ('1036988915140210690', '1', 'admin', '主页', '0', 'com.ifast.sys.controller.LoginController.main()', '{}', '127.0.0.1', '2018-09-04 22:46:38'), ('1036988922236973057', '1', 'admin', '进入数据字典列表页面', '0', 'com.ifast.common.controller.DictController.sysDict()', '{}', '127.0.0.1', '2018-09-04 22:46:40'), ('1036988923788865537', '1', 'admin', '查询数据字典列表', '54', 'com.ifast.common.controller.DictController.list()', '{\"pageNumber\":[\"1\"],\"pageSize\":[\"10\"],\"type\":[\"\"]}', '127.0.0.1', '2018-09-04 22:46:40'), ('1036993808622104577', '1', 'admin', '登录', '48', 'com.ifast.sys.controller.LoginController.ajaxLogin()', '{\"username\":[\"admin\"],\"password\":[\"1\"]}', '127.0.0.1', '2018-09-04 23:06:05'), ('1036993808844402689', '1', 'admin', '请求访问主页', '22', 'com.ifast.sys.controller.LoginController.index()', '{}', '127.0.0.1', '2018-09-04 23:06:05'), ('1036993809536462850', '1', 'admin', '主页', '0', 'com.ifast.sys.controller.LoginController.main()', '{}', '127.0.0.1', '2018-09-04 23:06:05'), ('1036993810509541377', '1', 'admin', '主页', '0', 'com.ifast.sys.controller.LoginController.main()', '{}', '127.0.0.1', '2018-09-04 23:06:05'), ('1036993817090404353', '1', 'admin', '进入数据字典列表页面', '0', 'com.ifast.common.controller.DictController.sysDict()', '{}', '127.0.0.1', '2018-09-04 23:06:07'), ('1036993818768125953', '1', 'admin', '查询数据字典列表', '62', 'com.ifast.common.controller.DictController.list()', '{\"pageNumber\":[\"1\"],\"pageSize\":[\"10\"],\"type\":[\"\"]}', '127.0.0.1', '2018-09-04 23:06:07'), ('1036993819657318402', '1', 'admin', '进入文件管理页面', '0', 'com.ifast.oss.controller.FileController.sysFile()', '{}', '127.0.0.1', '2018-09-04 23:06:08'), ('1036993820592648194', '1', 'admin', '查询文件列表', '21', 'com.ifast.oss.controller.FileController.list()', '{\"type\":[\"\"],\"pageNumber\":[\"1\"],\"pageSize\":[\"12\"]}', '127.0.0.1', '2018-09-04 23:06:08'), ('1039431524664201218', '-1', '{}', '重定向到登录', '0', 'com.ifast.sys.controller.LoginController.welcome()', '{}', '127.0.0.1', '2018-09-11 16:32:42'), ('1039431538736091137', '1', 'admin', '登录', '79', 'com.ifast.sys.controller.LoginController.ajaxLogin()', '{\"username\":[\"admin\"],\"password\":[\"1\"]}', '127.0.0.1', '2018-09-11 16:32:45'), ('1039431538962583554', '1', 'admin', '请求访问主页', '26', 'com.ifast.sys.controller.LoginController.index()', '{}', '127.0.0.1', '2018-09-11 16:32:45'), ('1039431539612700673', '1', 'admin', '主页', '0', 'com.ifast.sys.controller.LoginController.main()', '{}', '127.0.0.1', '2018-09-11 16:32:45'), ('1039431540850020353', '1', 'admin', '主页', '0', 'com.ifast.sys.controller.LoginController.main()', '{}', '127.0.0.1', '2018-09-11 16:32:46'), ('1039431558851973122', '1', 'admin', '进入文件管理页面', '0', 'com.ifast.oss.controller.FileController.sysFile()', '{}', '127.0.0.1', '2018-09-11 16:32:50'), ('1039431559908937730', '1', 'admin', '查询文件列表', '73', 'com.ifast.oss.controller.FileController.list()', '{\"type\":[\"\"],\"pageNumber\":[\"1\"],\"pageSize\":[\"12\"]}', '127.0.0.1', '2018-09-11 16:32:50'), ('1039431584563056642', '1', 'admin', '上传文件', '11', 'com.ifast.oss.controller.FileController.upload()', '{}', '127.0.0.1', '2018-09-11 16:32:56'), ('1039431584722440193', '1', 'admin', '查询文件列表', '9', 'com.ifast.oss.controller.FileController.list()', '{\"type\":[\"\"],\"pageNumber\":[\"1\"],\"pageSize\":[\"12\"]}', '127.0.0.1', '2018-09-11 16:32:56'), ('1039434548572839938', '1', 'admin', '登录', '73', 'com.ifast.sys.controller.LoginController.ajaxLogin()', '{\"username\":[\"admin\"],\"password\":[\"1\"]}', '127.0.0.1', '2018-09-11 16:44:43'), ('1039434548774166530', '1', 'admin', '请求访问主页', '19', 'com.ifast.sys.controller.LoginController.index()', '{}', '127.0.0.1', '2018-09-11 16:44:43'), ('1039434549495586817', '1', 'admin', '主页', '0', 'com.ifast.sys.controller.LoginController.main()', '{}', '127.0.0.1', '2018-09-11 16:44:43'), ('1039434550565134338', '1', 'admin', '主页', '0', 'com.ifast.sys.controller.LoginController.main()', '{}', '127.0.0.1', '2018-09-11 16:44:43'), ('1039434567451402242', '1', 'admin', '进入文件管理页面', '0', 'com.ifast.oss.controller.FileController.sysFile()', '{}', '127.0.0.1', '2018-09-11 16:44:47'), ('1039434568491589633', '1', 'admin', '查询文件列表', '69', 'com.ifast.oss.controller.FileController.list()', '{\"type\":[\"\"],\"pageNumber\":[\"1\"],\"pageSize\":[\"12\"]}', '127.0.0.1', '2018-09-11 16:44:48'), ('1039434587554701314', '1', 'admin', '上传文件', '9', 'com.ifast.oss.controller.FileController.upload()', '{}', '127.0.0.1', '2018-09-11 16:44:52'), ('1039434587697307650', '1', 'admin', '查询文件列表', '5', 'com.ifast.oss.controller.FileController.list()', '{\"type\":[\"\"],\"pageNumber\":[\"1\"],\"pageSize\":[\"12\"]}', '127.0.0.1', '2018-09-11 16:44:52'), ('1039434696547885058', '1', 'admin', '上传文件', '9', 'com.ifast.oss.controller.FileController.upload()', '{}', '127.0.0.1', '2018-09-11 16:45:18'), ('1039434696707268609', '1', 'admin', '查询文件列表', '7', 'com.ifast.oss.controller.FileController.list()', '{\"type\":[\"\"],\"pageNumber\":[\"1\"],\"pageSize\":[\"12\"]}', '127.0.0.1', '2018-09-11 16:45:18'), ('1039435455616245762', '1', 'admin', '上传文件', '123893', 'com.ifast.oss.controller.FileController.upload()', '{}', '127.0.0.1', '2018-09-11 16:48:19'), ('1039435455817572353', '1', 'admin', '查询文件列表', '5', 'com.ifast.oss.controller.FileController.list()', '{\"type\":[\"\"],\"pageNumber\":[\"1\"],\"pageSize\":[\"12\"]}', '127.0.0.1', '2018-09-11 16:48:19'), ('1039438044487446529', '1', 'admin', '登录', '81', 'com.ifast.sys.controller.LoginController.ajaxLogin()', '{\"username\":[\"admin\"],\"password\":[\"1\"]}', '127.0.0.1', '2018-09-11 16:58:36'), ('1039438044806213633', '1', 'admin', '请求访问主页', '26', 'com.ifast.sys.controller.LoginController.index()', '{}', '127.0.0.1', '2018-09-11 16:58:36'), ('1039438045791875074', '1', 'admin', '主页', '0', 'com.ifast.sys.controller.LoginController.main()', '{}', '127.0.0.1', '2018-09-11 16:58:37'), ('1039438046551044098', '1', 'admin', '主页', '0', 'com.ifast.sys.controller.LoginController.main()', '{}', '127.0.0.1', '2018-09-11 16:58:37'), ('1039438105392934914', '1', 'admin', '进入文件管理页面', '0', 'com.ifast.oss.controller.FileController.sysFile()', '{}', '127.0.0.1', '2018-09-11 16:58:51'), ('1039438106806415362', '1', 'admin', '查询文件列表', '48', 'com.ifast.oss.controller.FileController.list()', '{\"type\":[\"\"],\"pageNumber\":[\"1\"],\"pageSize\":[\"12\"]}', '127.0.0.1', '2018-09-11 16:58:51'), ('1039438254357835778', '1', 'admin', '上传文件', '31195', 'com.ifast.oss.controller.FileController.upload()', '{}', '127.0.0.1', '2018-09-11 16:59:26'), ('1039438254655631361', '1', 'admin', '查询文件列表', '5', 'com.ifast.oss.controller.FileController.list()', '{\"type\":[\"\"],\"pageNumber\":[\"1\"],\"pageSize\":[\"12\"]}', '127.0.0.1', '2018-09-11 16:59:26'), ('1039438507194675201', '1', 'admin', '上传文件', '53820', 'com.ifast.oss.controller.FileController.upload()', '{}', '127.0.0.1', '2018-09-11 17:00:27'), ('1039438507551191042', '1', 'admin', '查询文件列表', '7', 'com.ifast.oss.controller.FileController.list()', '{\"type\":[\"\"],\"pageNumber\":[\"1\"],\"pageSize\":[\"12\"]}', '127.0.0.1', '2018-09-11 17:00:27'), ('1039438716888903682', '1', 'admin', '上传文件', '31547', 'com.ifast.oss.controller.FileController.upload()', '{}', '127.0.0.1', '2018-09-11 17:01:17'), ('1039438717253808129', '1', 'admin', '查询文件列表', '11', 'com.ifast.oss.controller.FileController.list()', '{\"type\":[\"\"],\"pageNumber\":[\"1\"],\"pageSize\":[\"12\"]}', '127.0.0.1', '2018-09-11 17:01:17'), ('1039446471561408514', '1', 'admin', '登录', '86', 'com.ifast.sys.controller.LoginController.ajaxLogin()', '{\"username\":[\"admin\"],\"password\":[\"1\"]}', '127.0.0.1', '2018-09-11 17:32:05'), ('1039446471875981314', '1', 'admin', '请求访问主页', '25', 'com.ifast.sys.controller.LoginController.index()', '{}', '127.0.0.1', '2018-09-11 17:32:06'), ('1039446472685481986', '1', 'admin', '主页', '1', 'com.ifast.sys.controller.LoginController.main()', '{}', '127.0.0.1', '2018-09-11 17:32:06'), ('1039446473197187074', '1', 'admin', '主页', '0', 'com.ifast.sys.controller.LoginController.main()', '{}', '127.0.0.1', '2018-09-11 17:32:06'), ('1039446481510297601', '1', 'admin', '进入文件管理页面', '0', 'com.ifast.oss.controller.FileController.sysFile()', '{}', '127.0.0.1', '2018-09-11 17:32:08'), ('1039446482739228673', '1', 'admin', '查询文件列表', '51', 'com.ifast.oss.controller.FileController.list()', '{\"type\":[\"\"],\"pageNumber\":[\"1\"],\"pageSize\":[\"12\"]}', '127.0.0.1', '2018-09-11 17:32:08'), ('1039446510438412289', '1', 'admin', '上传文件', '2653', 'com.ifast.oss.controller.FileController.upload()', '{}', '127.0.0.1', '2018-09-11 17:32:15'), ('1039446510874619905', '1', 'admin', '查询文件列表', '16', 'com.ifast.oss.controller.FileController.list()', '{\"type\":[\"\"],\"pageNumber\":[\"1\"],\"pageSize\":[\"12\"]}', '127.0.0.1', '2018-09-11 17:32:15'), ('1039447434506498050', '1', 'admin', '上传文件', '97001', 'com.ifast.oss.controller.FileController.upload()', '{}', '127.0.0.1', '2018-09-11 17:35:55'), ('1039447434904956930', '1', 'admin', '查询文件列表', '10', 'com.ifast.oss.controller.FileController.list()', '{\"type\":[\"\"],\"pageNumber\":[\"1\"],\"pageSize\":[\"12\"]}', '127.0.0.1', '2018-09-11 17:35:55'), ('1039447677646106625', '1', 'admin', '进入文件管理页面', '0', 'com.ifast.oss.controller.FileController.sysFile()', '{}', '127.0.0.1', '2018-09-11 17:36:53'), ('1039447678581436418', '1', 'admin', '查询文件列表', '5', 'com.ifast.oss.controller.FileController.list()', '{\"type\":[\"\"],\"pageNumber\":[\"1\"],\"pageSize\":[\"12\"]}', '127.0.0.1', '2018-09-11 17:36:53'), ('1039447729374457858', '1', 'admin', '进入文件管理页面', '0', 'com.ifast.oss.controller.FileController.sysFile()', '{}', '127.0.0.1', '2018-09-11 17:37:05'), ('1039447730779549697', '1', 'admin', '查询文件列表', '6', 'com.ifast.oss.controller.FileController.list()', '{\"type\":[\"\"],\"pageNumber\":[\"1\"],\"pageSize\":[\"12\"]}', '127.0.0.1', '2018-09-11 17:37:06'), ('1039448006370488322', '1', 'admin', '进入文件管理页面', '0', 'com.ifast.oss.controller.FileController.sysFile()', '{}', '127.0.0.1', '2018-09-11 17:38:11'), ('1039448007905603585', '1', 'admin', '查询文件列表', '10', 'com.ifast.oss.controller.FileController.list()', '{\"type\":[\"\"],\"pageNumber\":[\"1\"],\"pageSize\":[\"12\"]}', '127.0.0.1', '2018-09-11 17:38:12'), ('1039448287799898114', '1', 'admin', '进入文件管理页面', '0', 'com.ifast.oss.controller.FileController.sysFile()', '{}', '127.0.0.1', '2018-09-11 17:39:18'), ('1039448290085793793', '1', 'admin', '查询文件列表', '7', 'com.ifast.oss.controller.FileController.list()', '{\"type\":[\"\"],\"pageNumber\":[\"1\"],\"pageSize\":[\"12\"]}', '127.0.0.1', '2018-09-11 17:39:19'), ('1039448699269484545', '1', 'admin', '请求访问主页', '85', 'com.ifast.sys.controller.LoginController.index()', '{}', '127.0.0.1', '2018-09-11 17:40:57'), ('1039448702075473922', '1', 'admin', '主页', '0', 'com.ifast.sys.controller.LoginController.main()', '{}', '127.0.0.1', '2018-09-11 17:40:57'), ('1039448703556063233', '1', 'admin', '主页', '0', 'com.ifast.sys.controller.LoginController.main()', '{}', '127.0.0.1', '2018-09-11 17:40:58'), ('1039448713718861826', '1', 'admin', '进入文件管理页面', '0', 'com.ifast.oss.controller.FileController.sysFile()', '{}', '127.0.0.1', '2018-09-11 17:41:00'), ('1039448715979591681', '1', 'admin', '查询文件列表', '95', 'com.ifast.oss.controller.FileController.list()', '{\"type\":[\"\"],\"pageNumber\":[\"1\"],\"pageSize\":[\"12\"]}', '127.0.0.1', '2018-09-11 17:41:01'), ('1039448801300123650', '1', 'admin', '进入文件管理页面', '0', 'com.ifast.oss.controller.FileController.sysFile()', '{}', '127.0.0.1', '2018-09-11 17:41:21'), ('1039448802956873730', '1', 'admin', '查询文件列表', '13', 'com.ifast.oss.controller.FileController.list()', '{\"type\":[\"\"],\"pageNumber\":[\"1\"],\"pageSize\":[\"12\"]}', '127.0.0.1', '2018-09-11 17:41:21'), ('1039448843855532034', '1', 'admin', '上传文件', '4217', 'com.ifast.oss.controller.FileController.upload()', '{}', '127.0.0.1', '2018-09-11 17:41:31'), ('1039448844392402946', '1', 'admin', '查询文件列表', '11', 'com.ifast.oss.controller.FileController.list()', '{\"type\":[\"\"],\"pageNumber\":[\"1\"],\"pageSize\":[\"12\"]}', '127.0.0.1', '2018-09-11 17:41:31'), ('1039449221728768002', '1', 'admin', '进入文件管理页面', '0', 'com.ifast.oss.controller.FileController.sysFile()', '{}', '127.0.0.1', '2018-09-11 17:43:01'), ('1039449223150637057', '1', 'admin', '查询文件列表', '6', 'com.ifast.oss.controller.FileController.list()', '{\"type\":[\"\"],\"pageNumber\":[\"1\"],\"pageSize\":[\"12\"]}', '127.0.0.1', '2018-09-11 17:43:01'), ('1039449911976980481', '1', 'admin', '上传文件', '2999', 'com.ifast.oss.controller.FileController.upload()', '{}', '127.0.0.1', '2018-09-11 17:45:46'), ('1039449913629536257', '1', 'admin', '查询文件列表', '155', 'com.ifast.oss.controller.FileController.list()', '{\"type\":[\"\"],\"pageNumber\":[\"1\"],\"pageSize\":[\"12\"]}', '127.0.0.1', '2018-09-11 17:45:46'), ('1039450133398507521', '1', 'admin', '进入文件管理页面', '0', 'com.ifast.oss.controller.FileController.sysFile()', '{}', '127.0.0.1', '2018-09-11 17:46:38'), ('1039450136447766530', '1', 'admin', '查询文件列表', '82', 'com.ifast.oss.controller.FileController.list()', '{\"type\":[\"\"],\"pageNumber\":[\"1\"],\"pageSize\":[\"12\"]}', '127.0.0.1', '2018-09-11 17:46:39'), ('1039455403033935873', '1', 'admin', '登录', '47', 'com.ifast.sys.controller.LoginController.ajaxLogin()', '{\"username\":[\"admin\"],\"password\":[\"1\"]}', '127.0.0.1', '2018-09-11 18:07:35'), ('1039455403273011201', '1', 'admin', '请求访问主页', '22', 'com.ifast.sys.controller.LoginController.index()', '{}', '127.0.0.1', '2018-09-11 18:07:35'), ('1039455404250284034', '1', 'admin', '主页', '0', 'com.ifast.sys.controller.LoginController.main()', '{}', '127.0.0.1', '2018-09-11 18:07:35'), ('1039455405751844866', '1', 'admin', '主页', '0', 'com.ifast.sys.controller.LoginController.main()', '{}', '127.0.0.1', '2018-09-11 18:07:36'), ('1039455413322563585', '1', 'admin', '进入文件管理页面', '0', 'com.ifast.oss.controller.FileController.sysFile()', '{}', '127.0.0.1', '2018-09-11 18:07:37'), ('1039455415306469378', '1', 'admin', '查询文件列表', '130', 'com.ifast.oss.controller.FileController.list()', '{\"type\":[\"\"],\"pageNumber\":[\"1\"],\"pageSize\":[\"12\"]}', '127.0.0.1', '2018-09-11 18:07:38'), ('1039455478690791426', '1', 'admin', '上传文件', '10925', 'com.ifast.oss.controller.FileController.upload()', '{}', '127.0.0.1', '2018-09-11 18:07:53'), ('1039455478841786370', '1', 'admin', '查询文件列表', '5', 'com.ifast.oss.controller.FileController.list()', '{\"type\":[\"\"],\"pageNumber\":[\"1\"],\"pageSize\":[\"12\"]}', '127.0.0.1', '2018-09-11 18:07:53'), ('1040845434915094529', '1', 'admin', '登录', '79', 'POST /login', '{\"username\":[\"admin\"],\"password\":[\"1\"]}', '127.0.0.1', '2018-09-15 14:11:04'), ('1040846057223979009', '1', 'admin', '启停定时任务', '18', 'POST /common/job/changeJobStatus', '{\"id\":[\"2\"],\"cmd\":[\"stop\"]}', '127.0.0.1', '2018-09-15 14:13:33'), ('1040934505238724610', '1', 'admin', '登录', '3', 'POST /login', '{\"username\":[\"admin\"],\"password\":[\"1\"]}', '127.0.0.1', '2018-09-15 20:05:00'), ('1040955500758491138', '1', 'admin', '登录', '62', 'POST /login', '{\"username\":[\"admin\"],\"password\":[\"1\"]}', '127.0.0.1', '2018-09-15 21:28:26'), ('1040955625811664898', '1', 'admin', '登录', '5', 'POST /login', '{\"username\":[\"admin\"],\"password\":[\"1\"]}', '127.0.0.1', '2018-09-15 21:28:56'), ('1040956047381184514', '1', 'admin', '登录', '69', 'POST /login', '{\"username\":[\"admin\"],\"password\":[\"1\"]}', '127.0.0.1', '2018-09-15 21:30:36'), ('1040984140867145729', '1', 'admin', '登录', '74', 'POST /login', '{\"username\":[\"admin\"],\"password\":[\"1\"]}', '127.0.0.1', '2018-09-15 23:22:14'), ('1040984920701505538', '1', 'admin', '登录', '6', 'POST /login', '{\"username\":[\"admin\"],\"password\":[\"1\"]}', '127.0.0.1', '2018-09-15 23:25:20');
COMMIT;

-- ----------------------------
--  Table structure for `sys_menu`
-- ----------------------------
DROP TABLE IF EXISTS `sys_menu`;
CREATE TABLE `sys_menu` (
  `id` bigint(20) NOT NULL AUTO_INCREMENT,
  `parentId` bigint(20) DEFAULT NULL COMMENT '父菜单ID，一级菜单为0',
  `name` varchar(50) DEFAULT NULL COMMENT '菜单名称',
  `url` varchar(200) DEFAULT NULL COMMENT '菜单URL',
  `perms` varchar(500) DEFAULT NULL COMMENT '授权(多个用逗号分隔，如：user:list,user:create)',
  `type` int(11) DEFAULT NULL COMMENT '类型   0：目录   1：菜单   2：按钮',
  `icon` varchar(50) DEFAULT NULL COMMENT '菜单图标',
  `orderNum` int(11) DEFAULT NULL COMMENT '排序',
  `gmtCreate` datetime DEFAULT NULL COMMENT '创建时间',
  `gmtModified` datetime DEFAULT NULL COMMENT '修改时间',
  PRIMARY KEY (`id`)
) ENGINE=InnoDB AUTO_INCREMENT=1054669074022465539 DEFAULT CHARSET=utf8 COMMENT='菜单管理';

-- ----------------------------
--  Records of `sys_menu`
-- ----------------------------
BEGIN;
INSERT INTO `sys_menu` VALUES ('1', '0', '基础管理', '', '', '0', 'fa fa-bars', '0', '2017-08-09 22:49:47', null), ('2', '3', '系统菜单', 'sys/menu/', 'sys:menu:menu', '1', 'fa fa-th-list', '2', '2017-08-09 22:55:15', null), ('3', '0', '系统管理', null, null, '0', 'fa fa-desktop', '1', '2017-08-09 23:06:55', '2017-08-14 14:13:43'), ('6', '3', '用户管理', 'sys/user/', 'sys:user:user', '1', 'fa fa-user', '0', '2017-08-10 14:12:11', null), ('7', '3', '角色管理', 'sys/role', 'sys:role:role', '1', 'fa fa-paw', '1', '2017-08-10 14:13:19', null), ('12', '6', '新增', '', 'sys:user:add', '2', '', '0', '2017-08-14 10:51:35', null), ('13', '6', '编辑', '', 'sys:user:edit', '2', '', '0', '2017-08-14 10:52:06', null), ('14', '6', '删除', null, 'sys:user:remove', '2', null, '0', '2017-08-14 10:52:24', null), ('15', '7', '新增', '', 'sys:role:add', '2', '', '0', '2017-08-14 10:56:37', null), ('20', '2', '新增', '', 'sys:menu:add', '2', '', '0', '2017-08-14 10:59:32', null), ('21', '2', '编辑', '', 'sys:menu:edit', '2', '', '0', '2017-08-14 10:59:56', null), ('22', '2', '删除', '', 'sys:menu:remove', '2', '', '0', '2017-08-14 11:00:26', null), ('24', '6', '批量删除', '', 'sys:user:batchRemove', '2', '', '0', '2017-08-14 17:27:18', null), ('25', '6', '停用', null, 'sys:user:disable', '2', null, '0', '2017-08-14 17:27:43', null), ('26', '6', '重置密码', '', 'sys:user:resetPwd', '2', '', '0', '2017-08-14 17:28:34', null), ('27', '91', '系统日志', 'common/log', 'common:log', '1', 'fa fa-warning', '0', '2017-08-14 22:11:53', null), ('28', '27', '刷新', null, 'sys:log:list', '2', null, '0', '2017-08-14 22:30:22', null), ('29', '27', '删除', null, 'sys:log:remove', '2', null, '0', '2017-08-14 22:30:43', null), ('30', '27', '清空', null, 'sys:log:clear', '2', null, '0', '2017-08-14 22:31:02', null), ('48', '77', '代码生成', 'common/generator', 'common:generator', '1', 'fa fa-code', '3', null, null), ('55', '7', '编辑', '', 'sys:role:edit', '2', '', null, null, null), ('56', '7', '删除', '', 'sys:role:remove', '2', null, null, null, null), ('57', '91', '运行监控', '/druid/index.html', '', '1', 'fa fa-caret-square-o-right', '1', null, null), ('61', '2', '批量删除', '', 'sys:menu:batchRemove', '2', null, null, null, null), ('62', '7', '批量删除', '', 'sys:role:batchRemove', '2', null, null, null, null), ('71', '1', '文件管理', '/common/sysFile', 'oss:file:file', '1', 'fa fa-folder-open', '2', null, null), ('72', '77', '计划任务', 'common/job', 'common:taskScheduleJob', '1', 'fa fa-hourglass-1', '4', null, null), ('73', '3', '部门管理', '/sys/dept', 'system:sysDept:sysDept', '1', 'fa fa-users', '3', null, null), ('74', '73', '增加', '/sys/dept/add', 'system:sysDept:add', '2', null, '1', null, null), ('75', '73', '刪除', 'sys/dept/remove', 'system:sysDept:remove', '2', null, '2', null, null), ('76', '73', '编辑', '/sys/dept/edit', 'system:sysDept:edit', '2', null, '3', null, null), ('77', '0', '系统工具', '', '', '0', 'fa fa-gear', '4', null, null), ('78', '1', '数据字典', '/common/sysDict', 'common:sysDict:sysDict', '1', 'fa fa-book', '1', null, null), ('79', '78', '增加', '/common/sysDict/add', 'common:sysDict:add', '2', null, '2', null, null), ('80', '78', '编辑', '/common/sysDict/edit', 'common:sysDict:edit', '2', null, '2', null, null), ('81', '78', '删除', '/common/sysDict/remove', 'common:sysDict:remove', '2', '', '3', null, null), ('83', '78', '批量删除', '/common/sysDict/batchRemove', 'common:sysDict:batchRemove', '2', '', '4', null, null), ('91', '0', '系统监控', '', '', '0', 'fa fa-video-camera', '5', null, null), ('92', '91', '在线用户', 'sys/online', '', '1', 'fa fa-user', null, null, null), ('97', '0', '图表管理', '', '', '0', 'fa fa-bar-chart', '7', null, null), ('98', '97', '百度chart', '/chart/graph_echarts.html', '', '1', 'fa fa-area-chart', null, null, null), ('175', '1', '系统配置', '/common/config', null, '1', 'fa fa-file-code-o', '6', null, null), ('176', '175', '查看', null, 'common:config:config', '2', null, '6', null, null), ('177', '175', '新增', null, 'common:config:add', '2', null, '6', null, null), ('178', '175', '修改', null, 'common:config:edit', '2', null, '6', null, null), ('179', '175', '删除', null, 'common:config:remove', '2', null, '6', null, null), ('180', '175', '批量删除', null, 'common:config:batchRemove', '2', null, '6', null, null), ('181', '199', '账号信息', '/wxmp/mpConfig/edit', '', '1', 'fa fa-asterisk', '10', null, null), ('182', '181', '查看', null, 'wxmp:mpConfig:mpConfig', '2', null, '6', null, null), ('183', '181', '新增', null, 'wxmp:mpConfig:add', '2', null, '6', null, null), ('184', '181', '修改', null, 'wxmp:mpConfig:edit', '2', null, '6', null, null), ('185', '181', '删除', null, 'wxmp:mpConfig:remove', '2', null, '6', null, null), ('186', '181', '批量删除', null, 'wxmp:mpConfig:batchRemove', '2', null, '6', null, null), ('187', '199', '粉丝信息', '/wxmp/mpFans', '', '1', 'fa fa-user', '20', null, null), ('188', '187', '查看', null, 'wxmp:mpFans:mpFans', '2', null, '6', null, null), ('189', '187', '新增', null, 'wxmp:mpFans:add', '2', null, '6', null, null), ('190', '187', '修改', null, 'wxmp:mpFans:edit', '2', null, '6', null, null), ('191', '187', '删除', null, 'wxmp:mpFans:remove', '2', null, '6', null, null), ('192', '187', '批量删除', null, 'wxmp:mpFans:batchRemove', '2', null, '6', null, null), ('193', '71', '增加', '/common/sysFile/add', 'oss:file:add', '2', null, null, null, null), ('194', '71', '列表', '/common/sysFile/list', 'oss:file:list', '2', null, null, null, null), ('195', '71', '编辑', '/common/sysFile/edit', 'oss:file:update', '2', null, null, null, null), ('196', '71', '查询', '/common/sysFile/info', 'oss:file:info', '2', null, null, null, null), ('197', '71', '删除', '/common/sysFile/remove', 'oss:file:remove', '2', null, null, null, null), ('199', '0', '微信公众号', null, null, '0', 'fa fa-file-code-o', '3', null, null), ('205', '187', '同步粉丝', null, 'wxmp:mpFans:sync', '2', 'fa fa-refresh', '5', null, null), ('206', '1', '[Demo]基础表', '/demo/demoBase', '', '1', 'fa fa-file-code-o', '6', null, null), ('207', '206', '查看', null, 'demo:demoBase:demoBase', '2', null, '6', null, null), ('208', '206', '新增', null, 'demo:demoBase:add', '2', null, '6', null, null), ('209', '206', '修改', null, 'demo:demoBase:edit', '2', null, '6', null, null), ('210', '206', '删除', null, 'demo:demoBase:remove', '2', null, '6', null, null), ('211', '206', '批量删除', null, 'demo:demoBase:batchRemove', '2', null, '6', null, null), ('1034089959238385666', '0', 'api测试-用户更新', '', 'api:user:update', '2', '', null, null, null), ('1034090238251876354', '0', 'api测试-appUser角色', '', 'api:user:role', '2', '', null, null, null), ('1051124846206046210', '199', '文本消息', '/wxmp/mpArticle/txt', '', '1', 'fa fa-file-powerpoint-o', '6', null, null), ('1051124846206046211', '1051124846206046210', '查看', null, 'wxmp:mpArticleTxt:mpArticle', '2', null, '6', null, null), ('1051124846206046212', '1051124846206046210', '新增', null, 'wxmp:mpArticleTxt:add', '2', null, '6', null, null), ('1051124846206046213', '1051124846206046210', '修改', null, 'wxmp:mpArticleTxt:edit', '2', null, '6', null, null), ('1051124846206046214', '1051124846206046210', '删除', null, 'wxmp:mpArticleTxt:remove', '2', null, '6', null, null), ('1051124846206046215', '1051124846206046210', '批量删除', null, 'wxmp:mpArticleTxt:batchRemove', '2', null, '6', null, null), ('1051124846206046222', '199', '图片消息', '/wxmp/mpArticle/image', '', '1', 'fa fa-photo', '6', null, null), ('1051124846206046223', '1051124846206046222', '查看', null, 'wxmp:mpArticleImage:mpArticle', '2', null, '6', null, null), ('1051124846206046224', '1051124846206046222', '新增', null, 'wxmp:mpArticleImage:add', '2', null, '6', null, null), ('1051124846206046225', '1051124846206046222', '修改', null, 'wxmp:mpArticleImage:edit', '2', null, '6', null, null), ('1051124846206046226', '1051124846206046222', '删除', null, 'wxmp:mpArticleImage:remove', '2', null, '6', null, null), ('1051124846206046227', '1051124846206046222', '批量删除', null, 'wxmp:mpArticleImage:batchRemove', '2', null, '6', null, null), ('1051124846206046228', '199', '图文消息', '/wxmp/mpArticle/news', '', '1', 'fa fa-file-photo-o', '6', null, null), ('1051124846206046229', '1051124846206046228', '查看', null, 'wxmp:mpArticleNews:mpArticle', '2', null, '6', null, null), ('1051124846206046230', '1051124846206046228', '新增', null, 'wxmp:mpArticleNews:add', '2', null, '6', null, null), ('1051124846206046231', '1051124846206046228', '修改', null, 'wxmp:mpArticleNews:edit', '2', null, '6', null, null), ('1051124846206046232', '1051124846206046228', '删除', null, 'wxmp:mpArticleNews:remove', '2', null, '6', null, null), ('1051124846206046233', '1051124846206046228', '批量删除', null, 'wxmp:mpArticleNews:batchRemove', '2', null, '6', null, null), ('1051124846206046234', '199', '微信菜单', '/wxmp/mpMenu', '', '1', 'fa fa-bars', '30', null, null), ('1051124846206046235', '1051124846206046234', '查看', null, 'wxmp:mpMenu:mpMenu', '2', null, '6', null, null), ('1051124846206046236', '1051124846206046234', '新增', null, 'wxmp:mpMenu:add', '2', null, '6', null, null), ('1051124846206046237', '1051124846206046234', '修改', null, 'wxmp:mpMenu:edit', '2', null, '6', null, null), ('1051124846206046238', '1051124846206046234', '删除', null, 'wxmp:mpMenu:remove', '2', null, '6', null, null), ('1051124846206046239', '1051124846206046234', '批量删除', null, 'wxmp:mpMenu:batchRemove', '2', null, '6', null, null), ('1054669074022465537', '1051124846206046234', '同步菜单', '', 'wxmp:mpMenu:sync', '2', 'fa fa-refresh', '10', null, null), ('1054669074022465538', '187', '同步微信粉丝', null, 'wxmp:mpFans:syncWxMp', '1', 'fa fa-refresh', '6', null, null);
COMMIT;

-- ----------------------------
--  Table structure for `sys_role`
-- ----------------------------
DROP TABLE IF EXISTS `sys_role`;
CREATE TABLE `sys_role` (
  `id` bigint(20) NOT NULL AUTO_INCREMENT,
  `roleName` varchar(100) DEFAULT NULL COMMENT '角色名称',
  `roleSign` varchar(100) DEFAULT NULL COMMENT '角色标识',
  `remark` varchar(100) DEFAULT NULL COMMENT '备注',
  `userIdCreate` bigint(255) DEFAULT NULL COMMENT '创建用户id',
  `gmtCreate` datetime DEFAULT NULL COMMENT '创建时间',
  `gmtModified` datetime DEFAULT NULL COMMENT '创建时间',
  PRIMARY KEY (`id`)
) ENGINE=InnoDB AUTO_INCREMENT=1034088931742957570 DEFAULT CHARSET=utf8 COMMENT='角色';

-- ----------------------------
--  Records of `sys_role`
-- ----------------------------
BEGIN;
INSERT INTO `sys_role` VALUES ('1', '超级用户角色', 'adminRole', '超级管理员', '2', '2017-08-12 00:43:52', '2017-08-12 19:14:59'), ('56', '普通用户', null, '普通用户', null, null, null), ('1034088931742957569', '前端API', 'apiRole', '前端API', null, null, null);
COMMIT;

-- ----------------------------
--  Table structure for `sys_role_menu`
-- ----------------------------
DROP TABLE IF EXISTS `sys_role_menu`;
CREATE TABLE `sys_role_menu` (
  `id` bigint(20) NOT NULL AUTO_INCREMENT,
  `roleId` bigint(20) DEFAULT NULL COMMENT '角色ID',
  `menuId` bigint(20) DEFAULT NULL COMMENT '菜单ID',
  PRIMARY KEY (`id`)
) ENGINE=InnoDB AUTO_INCREMENT=5714 DEFAULT CHARSET=utf8 COMMENT='角色与菜单对应关系';

-- ----------------------------
--  Records of `sys_role_menu`
-- ----------------------------
BEGIN;
INSERT INTO `sys_role_menu` VALUES ('367', '44', '1'), ('368', '44', '32'), ('369', '44', '33'), ('370', '44', '34'), ('371', '44', '35'), ('372', '44', '28'), ('373', '44', '29'), ('374', '44', '30'), ('375', '44', '38'), ('376', '44', '4'), ('377', '44', '27'), ('378', '45', '38'), ('379', '46', '3'), ('380', '46', '20'), ('381', '46', '21'), ('382', '46', '22'), ('383', '46', '23'), ('384', '46', '11'), ('385', '46', '12'), ('386', '46', '13'), ('387', '46', '14'), ('388', '46', '24'), ('389', '46', '25'), ('390', '46', '26'), ('391', '46', '15'), ('392', '46', '2'), ('393', '46', '6'), ('394', '46', '7'), ('598', '50', '38'), ('632', '38', '42'), ('737', '51', '38'), ('738', '51', '39'), ('739', '51', '40'), ('740', '51', '41'), ('741', '51', '4'), ('742', '51', '32'), ('743', '51', '33'), ('744', '51', '34'), ('745', '51', '35'), ('746', '51', '27'), ('747', '51', '28'), ('748', '51', '29'), ('749', '51', '30'), ('750', '51', '1'), ('1064', '54', '53'), ('1095', '55', '2'), ('1096', '55', '6'), ('1097', '55', '7'), ('1098', '55', '3'), ('1099', '55', '50'), ('1100', '55', '49'), ('1101', '55', '1'), ('1856', '53', '28'), ('1857', '53', '29'), ('1858', '53', '30'), ('1859', '53', '27'), ('1860', '53', '57'), ('1861', '53', '71'), ('1862', '53', '48'), ('1863', '53', '72'), ('1864', '53', '1'), ('1865', '53', '7'), ('1866', '53', '55'), ('1867', '53', '56'), ('1868', '53', '62'), ('1869', '53', '15'), ('1870', '53', '2'), ('1871', '53', '61'), ('1872', '53', '20'), ('1873', '53', '21'), ('1874', '53', '22'), ('2247', '63', '-1'), ('2248', '63', '84'), ('2249', '63', '85'), ('2250', '63', '88'), ('2251', '63', '87'), ('2252', '64', '84'), ('2253', '64', '89'), ('2254', '64', '88'), ('2255', '64', '87'), ('2256', '64', '86'), ('2257', '64', '85'), ('2258', '65', '89'), ('2259', '65', '88'), ('2260', '65', '86'), ('2262', '67', '48'), ('2263', '68', '88'), ('2264', '68', '87'), ('2265', '69', '89'), ('2266', '69', '88'), ('2267', '69', '86'), ('2268', '69', '87'), ('2269', '69', '85'), ('2270', '69', '84'), ('2271', '70', '85'), ('2272', '70', '89'), ('2273', '70', '88'), ('2274', '70', '87'), ('2275', '70', '86'), ('2276', '70', '84'), ('2277', '71', '87'), ('2278', '72', '59'), ('2279', '73', '48'), ('2280', '74', '88'), ('2281', '74', '87'), ('2282', '75', '88'), ('2283', '75', '87'), ('2284', '76', '85'), ('2285', '76', '89'), ('2286', '76', '88'), ('2287', '76', '87'), ('2288', '76', '86'), ('2289', '76', '84'), ('2292', '78', '88'), ('2293', '78', '87'), ('2294', '78', null), ('2295', '78', null), ('2296', '78', null), ('2308', '80', '87'), ('2309', '80', '86'), ('2310', '80', '-1'), ('2311', '80', '84'), ('2312', '80', '85'), ('2328', '79', '72'), ('2329', '79', '48'), ('2330', '79', '77'), ('2331', '79', '84'), ('2332', '79', '89'), ('2333', '79', '88'), ('2334', '79', '87'), ('2335', '79', '86'), ('2336', '79', '85'), ('2337', '79', '-1'), ('2338', '77', '89'), ('2339', '77', '88'), ('2340', '77', '87'), ('2341', '77', '86'), ('2342', '77', '85'), ('2343', '77', '84'), ('2344', '77', '72'), ('2345', '77', '-1'), ('2346', '77', '77'), ('3178', '56', '68'), ('3179', '56', '60'), ('3180', '56', '59'), ('3181', '56', '58'), ('3182', '56', '51'), ('3183', '56', '50'), ('3184', '56', '49'), ('3185', '56', '-1'), ('4544', '1034088931742957569', '1034089959238385666'), ('4545', '1034088931742957569', '1034090238251876354'), ('4546', '1034088931742957569', '-1'), ('5618', '1', '193'), ('5619', '1', '195'), ('5620', '1', '196'), ('5621', '1', '197'), ('5622', '1', '79'), ('5623', '1', '80'), ('5624', '1', '81'), ('5625', '1', '83'), ('5626', '1', '176'), ('5627', '1', '177'), ('5628', '1', '178'), ('5629', '1', '179'), ('5630', '1', '180'), ('5631', '1', '207'), ('5632', '1', '208'), ('5633', '1', '209'), ('5634', '1', '210'), ('5635', '1', '211'), ('5636', '1', '20'), ('5637', '1', '21'), ('5638', '1', '22'), ('5639', '1', '61'), ('5640', '1', '12'), ('5641', '1', '13'), ('5642', '1', '14'), ('5643', '1', '24'), ('5644', '1', '25'), ('5645', '1', '26'), ('5646', '1', '15'), ('5647', '1', '55'), ('5648', '1', '56'), ('5649', '1', '62'), ('5650', '1', '74'), ('5651', '1', '75'), ('5652', '1', '76'), ('5653', '1', '48'), ('5654', '1', '72'), ('5655', '1', '28'), ('5656', '1', '29'), ('5657', '1', '30'), ('5658', '1', '57'), ('5659', '1', '92'), ('5660', '1', '182'), ('5661', '1', '183'), ('5662', '1', '184'), ('5663', '1', '185'), ('5664', '1', '186'), ('5665', '1', '188'), ('5666', '1', '190'), ('5667', '1', '191'), ('5668', '1', '192'), ('5669', '1', '205'), ('5670', '1', '1054669074022465538'), ('5671', '1', '1051124846206046211'), ('5672', '1', '1051124846206046212'), ('5673', '1', '1051124846206046213'), ('5674', '1', '1051124846206046214'), ('5675', '1', '1051124846206046215'), ('5676', '1', '1051124846206046223'), ('5677', '1', '1051124846206046224'), ('5678', '1', '1051124846206046225'), ('5679', '1', '1051124846206046226'), ('5680', '1', '1051124846206046227'), ('5681', '1', '1051124846206046229'), ('5682', '1', '1051124846206046230'), ('5683', '1', '1051124846206046231'), ('5684', '1', '1051124846206046232'), ('5685', '1', '1051124846206046233'), ('5686', '1', '1051124846206046235'), ('5687', '1', '1051124846206046236'), ('5688', '1', '1051124846206046237'), ('5689', '1', '1051124846206046238'), ('5690', '1', '1051124846206046239'), ('5691', '1', '1054669074022465537'), ('5692', '1', '78'), ('5693', '1', '175'), ('5694', '1', '206'), ('5695', '1', '2'), ('5696', '1', '6'), ('5697', '1', '7'), ('5698', '1', '73'), ('5699', '1', '3'), ('5700', '1', '77'), ('5701', '1', '27'), ('5702', '1', '91'), ('5703', '1', '181'), ('5704', '1', '1051124846206046210'), ('5705', '1', '1051124846206046222'), ('5706', '1', '1051124846206046228'), ('5707', '1', '1051124846206046234'), ('5708', '1', '194'), ('5709', '1', '71'), ('5710', '1', '1'), ('5711', '1', '-1'), ('5712', '1', '199'), ('5713', '1', '187');
COMMIT;

-- ----------------------------
--  Table structure for `sys_task`
-- ----------------------------
DROP TABLE IF EXISTS `sys_task`;
CREATE TABLE `sys_task` (
  `id` bigint(20) NOT NULL AUTO_INCREMENT,
  `cronExpression` varchar(255) DEFAULT NULL COMMENT 'cron表达式',
  `methodName` varchar(255) DEFAULT NULL COMMENT '任务调用的方法名',
  `isConcurrent` varchar(255) DEFAULT NULL COMMENT '任务是否有状态',
  `description` varchar(255) DEFAULT NULL COMMENT '任务描述',
  `updateBy` varchar(64) DEFAULT NULL COMMENT '更新者',
  `beanClass` varchar(255) DEFAULT NULL COMMENT '任务执行时调用哪个类的方法 包名+类名',
  `createDate` datetime DEFAULT NULL COMMENT '创建时间',
  `jobStatus` varchar(255) DEFAULT NULL COMMENT '任务状态',
  `jobGroup` varchar(255) DEFAULT NULL COMMENT '任务分组',
  `updateDate` datetime DEFAULT NULL COMMENT '更新时间',
  `createBy` varchar(64) DEFAULT NULL COMMENT '创建者',
  `springBean` varchar(255) DEFAULT NULL COMMENT 'Spring bean',
  `jobName` varchar(255) DEFAULT NULL COMMENT '任务名',
  PRIMARY KEY (`id`)
) ENGINE=MyISAM AUTO_INCREMENT=1020572889410367491 DEFAULT CHARSET=utf8;

-- ----------------------------
--  Records of `sys_task`
-- ----------------------------
BEGIN;
INSERT INTO `sys_task` VALUES ('2', '0/30 * * * * ?', 'run1', '1', '', '4028ea815a3d2a8c015a3d2f8d2a0002', 'com.ifast.job.jobs.TestJob', '2017-05-19 18:30:56', '0', 'group1', '2017-05-19 18:31:07', null, '', 'TestJob');
COMMIT;

-- ----------------------------
--  Table structure for `sys_user`
-- ----------------------------
DROP TABLE IF EXISTS `sys_user`;
CREATE TABLE `sys_user` (
  `id` bigint(20) NOT NULL AUTO_INCREMENT,
  `username` varchar(50) DEFAULT NULL COMMENT '用户名',
  `salt` varchar(80) DEFAULT NULL COMMENT '盐',
  `name` varchar(100) DEFAULT NULL,
  `password` varchar(80) DEFAULT NULL COMMENT '密码',
  `deptId` bigint(20) DEFAULT NULL,
  `email` varchar(100) DEFAULT NULL COMMENT '邮箱',
  `mobile` varchar(100) DEFAULT NULL COMMENT '手机号',
  `status` tinyint(255) DEFAULT NULL COMMENT '状态 0:禁用，1:正常',
  `userIdCreate` bigint(255) DEFAULT NULL COMMENT '创建用户id',
  `gmtCreate` datetime DEFAULT NULL COMMENT '创建时间',
  `gmtModified` datetime DEFAULT NULL COMMENT '修改时间',
  `sex` bigint(32) DEFAULT NULL COMMENT '性别',
  `birth` datetime DEFAULT NULL COMMENT '出身日期',
  `picId` bigint(32) DEFAULT NULL,
  `liveAddress` varchar(500) DEFAULT NULL COMMENT '现居住地',
  `hobby` varchar(255) DEFAULT NULL COMMENT '爱好',
  `province` varchar(255) DEFAULT NULL COMMENT '省份',
  `city` varchar(255) DEFAULT NULL COMMENT '所在城市',
  `district` varchar(255) DEFAULT NULL COMMENT '所在地区',
  PRIMARY KEY (`id`)
) ENGINE=InnoDB AUTO_INCREMENT=1034088697579159555 DEFAULT CHARSET=utf8;

-- ----------------------------
--  Records of `sys_user`
-- ----------------------------
BEGIN;
INSERT INTO `sys_user` VALUES ('1', 'admin','6fb30533944d4d0682ae24e45dc772f1', '超级管理员', '92898fba2d9bdafe0f44dcace5082deff13eba85ba633f4299141a661103aac4', '6', 'izenglong@163.com', '15277778888', '1', '1', '2017-08-15 21:40:39', '2017-08-15 21:41:00', '96', '2018-04-02 00:00:00', '151', '创客基地', '', '广东省', '广州市', '番禺区'),
                              ('2', 'test','6fb30533944d4d0682ae24e45dc772f1', '临时用户', '92898fba2d9bdafe0f44dcace5082deff13eba85ba633f4299141a661103aac4', '6', 'test@ifast.com', '15278792752', '1', '1', '2017-08-14 13:43:05', '2017-08-14 21:15:36', '96', '2018-08-22 00:00:00', null, '', '', '北京市', '北京市市辖区', '东城区'),
                              ('1034088697579159554', 'appUser','6fb30533944d4d0682ae24e45dc772f1', 'user', '92898fba2d9bdafe0f44dcace5082deff13eba85ba633f4299141a661103aac4', '12', 'appUser@ifast.com', null, '1', null, null, null, null, null, null, null, null, null, null, null);
COMMIT;

-- ----------------------------
--  Table structure for `sys_user_role`
-- ----------------------------
DROP TABLE IF EXISTS `sys_user_role`;
CREATE TABLE `sys_user_role` (
  `id` bigint(20) NOT NULL AUTO_INCREMENT,
  `userId` bigint(20) DEFAULT NULL COMMENT '用户ID',
  `roleId` bigint(20) DEFAULT NULL COMMENT '角色ID',
  PRIMARY KEY (`id`)
) ENGINE=InnoDB AUTO_INCREMENT=134 DEFAULT CHARSET=utf8 COMMENT='用户与角色对应关系';

-- ----------------------------
--  Records of `sys_user_role`
-- ----------------------------
BEGIN;
INSERT INTO `sys_user_role` VALUES ('73', '30', '48'), ('74', '30', '49'), ('75', '30', '50'), ('76', '31', '48'), ('77', '31', '49'), ('78', '31', '52'), ('79', '32', '48'), ('80', '32', '49'), ('81', '32', '50'), ('82', '32', '51'), ('83', '32', '52'), ('84', '33', '38'), ('85', '33', '49'), ('86', '33', '52'), ('87', '34', '50'), ('88', '34', '51'), ('89', '34', '52'), ('110', '1', '1'), ('111', '2', '1'), ('117', '135', '1'), ('120', '134', '1'), ('121', '134', '48'), ('124', null, '48'), ('127', null, '1'), ('128', null, '1'), ('129', null, '1'), ('131', '137', '57'), ('133', '1034088697579159554', '1034088931742957569');
COMMIT;

-- ----------------------------
--  Table structure for `wx_mp_article`
-- ----------------------------
DROP TABLE IF EXISTS `wx_mp_article`;
CREATE TABLE `wx_mp_article` (
  `id` bigint(20) NOT NULL AUTO_INCREMENT COMMENT '主键ID',
  `mpId` bigint(11) DEFAULT NULL COMMENT '微信ID',
  `title` varchar(200) COLLATE utf8mb4_bin DEFAULT NULL COMMENT '文章标题',
  `keyword` varchar(200) COLLATE utf8mb4_bin DEFAULT NULL COMMENT '文章关键字，以空格隔开',
  `imgurl` varchar(200) COLLATE utf8mb4_bin DEFAULT NULL COMMENT '图片链接',
  `introduct` varchar(200) COLLATE utf8mb4_bin DEFAULT NULL COMMENT '图文简介',
  `content` mediumtext COLLATE utf8mb4_bin COMMENT '文章内容',
  `status` varchar(1) COLLATE utf8mb4_bin DEFAULT NULL COMMENT '文章状态：1启用 0停用',
  `sort` int(11) DEFAULT NULL COMMENT '排序',
  `createBy` bigint(20) DEFAULT NULL COMMENT '创建人',
  `createDate` datetime DEFAULT NULL COMMENT '创建事件',
  `updateBy` bigint(20) DEFAULT NULL COMMENT '更新人',
  `updateDate` datetime DEFAULT NULL COMMENT '更新时间',
  `msgtype` varchar(50) COLLATE utf8mb4_bin DEFAULT NULL COMMENT '图文类型，参考静态字段：WX_ARTCLE_TYPE',
  `tId` varchar(500) COLLATE utf8mb4_bin DEFAULT NULL COMMENT '微信反馈图文ID',
  `url` varchar(500) COLLATE utf8mb4_bin DEFAULT NULL COMMENT '图文地址',
  `thumbId` varchar(500) COLLATE utf8mb4_bin DEFAULT NULL COMMENT '缩略图的mediaID',
  PRIMARY KEY (`id`)
) ENGINE=InnoDB AUTO_INCREMENT=1075678560111480834 DEFAULT CHARSET=utf8mb4 COLLATE=utf8mb4_bin ROW_FORMAT=COMPACT;

-- ----------------------------
--  Records of `wx_mp_article`
-- ----------------------------
BEGIN;
INSERT INTO `wx_mp_article` VALUES ('1052924522936897538', '1', '1', 'txt_k1', '1', '1', '11', '1', '11', null, '2018-10-18 22:08:55', null, '2018-10-18 22:08:50', 'text', '1', '1', '1'), ('1052933685553352705', '1065149712936673282', null, 'txt_k2', null, null, 'txt_content3', '1', '3', null, null, null, '2018-10-19 10:27:10', 'text', null, null, null), ('1053108433054838786', '1065149712936673282', null, 'txt_k4', null, null, 'txt_content4', '2', '10', null, '2018-10-19 10:19:51', null, '2018-10-19 10:27:40', 'text', null, null, null), ('1053121938294247425', '1', null, 'image_key1', 'http://cdn.ifast.site/IMG_0126.JPG', null, null, '1', '10', null, null, null, null, 'image', 'Phbkep6CY1yD7jMS-oStRumIStgBgRyHbhoOn1_Stp4', null, null), ('1053137301073514498', '1', '标题啊', 'key1', 'http://cdn.ifast.site/4.jpg', '这是我的摘要', '这是我的内容', '2', '9', null, null, null, null, 'news', 'mmitziVk2efKrpzcEnfZJwIAGEMo8Hgp1d7n6y6PDNXJ1UvgURZEy0cDA9q4jDhs', '', 'FNiYNA1m0BBcSeF5UJygJdwO22B97V_vk18F5fplNXDE18vZ_GAIvnx-xAa5Tq47'), ('1053151776480645122', '1', '图文标题', 'news_key2', 'http://p6r7ke2jc.bkt.clouddn.com/1.jpg', '摘要摘要摘要摘要摘要摘要摘要摘要摘要摘要摘要摘要摘要摘要摘要摘要摘要摘要摘要', '内容内容内容内容内容内容内容内容内容内容内容内容内容内容内容内容内容内容内容内容内容内容内容内容内容内容内容内容内容内容内容内容内容内容内容内容内容内容内容内容内容内容内容内容内容内容内容内容内容内容内容内容内容内容内容内容内容内容内容内容内容内容内容内容内容内容内容内容内容内容内容内容内容内容内容内容内容内容内容内容内容内容内容内容内容内容内容内容内容内容内容内容内容内容内容内容内容内容内容内容内容内容内容内容内容内容内容内容内容内容内容内容内容内容内容内容内容内容内容内容', '1', '10', null, null, null, null, 'mpnews', 'AXagSrP3UPeZ4temsPi-y9ChWoU752gZhYLQ4VJibQgV3D6wOK02sNm2jKhz0vF-', 'https://baidu.com', 'bFA-njLpWCPD38uNTimzP-V0OcI4u6CZYW17RNlsWCuKp1NXapp_7b6uGtc-mLAl'), ('1057214554606608386', '1', null, 'image_key1', null, null, 'wwqe', '1', '10', null, '2018-10-30 18:16:07', null, '2018-10-30 18:16:16', 'text', null, null, null), ('1057519469635727362', '1065149712936673282', null, 'image_key11', 'http://cdn.ifast.site/3.jpeg', null, null, '1', '10', null, null, null, null, 'image', 'Phbkep6CY1yD7jMS-oStRjhGgLa9ILpLQKTYDpT12qM', null, null), ('1057519469635727363', '1', '默认回复', 'DEFAULT_ARTICLE_KEYWORD', null, null, '默认回复内容', '1', null, null, null, null, '2018-12-20 16:52:51', 'text', null, null, null), ('1067332278691233793', null, null, 'image_key111', null, null, '1111', '1', '1', null, '2018-11-27 16:20:20', null, null, 'text', null, null, null), ('1067340799071662081', '1065149712936673282', null, 'd', null, null, 'd', '1', null, null, '2018-11-27 16:54:11', null, null, 'text', null, null, null), ('1067343485628272641', '1065149712936673282', null, 'd', null, null, 'd', '1', null, null, '2018-11-27 17:04:52', null, null, 'text', null, null, null), ('1067343513042243585', '1065149712936673282', null, 'f', null, null, 'f', '2', null, null, '2018-11-27 17:04:58', null, null, 'text', null, null, null), ('1067344187377274882', '1065149712936673282', null, 'e', 'http://cdn.ifast.site/5.jpeg', null, null, '1', null, null, null, null, null, 'image', null, null, null), ('1075678560111480833', '1', '', '', 'http://cdn.ifast.site/7.png', '', '', '1', null, null, null, null, null, 'news', 'fDKJw74V_bNQ_NLsHemIGqcCQYsLaNnj19uBlj-3mIHKBqQMtxrACT2GdKmmy6u3', '', 'PSfMGhTJS5VKfoacsC2qAkvXotbmJOFYBtp_eBAexbW-ueaqdvrbtWu1apRtYKMD');
COMMIT;

-- ----------------------------
--  Table structure for `wx_mp_config`
-- ----------------------------
DROP TABLE IF EXISTS `wx_mp_config`;
CREATE TABLE `wx_mp_config` (
  `id` bigint(11) NOT NULL AUTO_INCREMENT COMMENT '主键ID',
  `token` varchar(120) DEFAULT NULL,
  `appId` varchar(64) NOT NULL COMMENT 'APPID',
  `appSecret` varchar(128) NOT NULL COMMENT 'AppSecret',
  `msgMode` int(11) DEFAULT NULL COMMENT '1加密 0不加密',
  `msgSecret` varchar(128) DEFAULT NULL,
  `mpName` varchar(250) DEFAULT NULL COMMENT '公众号名字',
  `appType` int(11) NOT NULL COMMENT '公众号类型： 1.订阅号 2.服务号 3.企业号 4.小程序 5. 测试号',
  `isAuth` int(11) DEFAULT NULL COMMENT '认证授权：1已认证 0未认证',
  `subscribeUrl` varchar(500) DEFAULT NULL COMMENT '提示订阅URL',
  `appKey` varchar(100) DEFAULT NULL COMMENT '开放的公众号key',
  `logo` varchar(255) DEFAULT NULL,
  `createTime` datetime NOT NULL,
  PRIMARY KEY (`id`)
) ENGINE=InnoDB AUTO_INCREMENT=1065149712936673283 DEFAULT CHARSET=utf8mb4 COMMENT='微信配置表';

-- ----------------------------
--  Records of `wx_mp_config`
-- ----------------------------
BEGIN;
INSERT INTO `wx_mp_config` VALUES ('1', 'tegong', 'wxeb5638d307d3df71', '03b1501c72a91f2935037336e43e67e6', '0', 'EX4Jj14gRyaY4kEFVTVqG4CHSLjtarTJkuJJ9i1fsNP', '特供', '2', '1', 'http://xxx.com/test', 'ymhTest', 'http://cdn.ifast.site/1.jpg', '2017-11-03 17:32:53'), ('1065149712936673282', 'token-test', 'appId-test', '3213', '0', '', 'mpName-test', '2', '1', '', null, 'http://cdn.ifast.site/IMG_0126.JPG', '2018-11-21 15:47:36');
COMMIT;

-- ----------------------------
--  Table structure for `wx_mp_fans`
-- ----------------------------
DROP TABLE IF EXISTS `wx_mp_fans`;
CREATE TABLE `wx_mp_fans` (
  `id` bigint(20) NOT NULL AUTO_INCREMENT COMMENT '主键',
  `mpId` bigint(11) NOT NULL COMMENT '公众号id',
  `openid` varchar(100) DEFAULT NULL COMMENT '用户的标识，对当前公众号唯一',
  `nickname` varchar(100) DEFAULT NULL COMMENT '昵称',
  `subscribe` tinyint(4) DEFAULT NULL COMMENT '用户是否订阅该公众号标识，值为0时，代表此用户没有关注该公众号，拉取不到其余信息。0未关注，1已关注',
  `subscribeTime` datetime DEFAULT NULL COMMENT '用户关注时间，为时间戳。如果用户曾多次关注，则取最后关注时间',
  `subscribeKey` varchar(100) DEFAULT NULL COMMENT '关注来源',
  `sex` tinyint(4) DEFAULT NULL COMMENT '用户的性别，值为1时是男性，值为2时是女性，值为0时是未知',
  `city` varchar(100) DEFAULT NULL,
  `country` varchar(100) DEFAULT NULL,
  `province` varchar(100) DEFAULT NULL,
  `language` varchar(100) DEFAULT NULL COMMENT '语言',
  `headimgurl` varchar(500) DEFAULT NULL COMMENT '用户头像，最后一个数值代表正方形头像大小（有0、46、64、96、132数值可选，0代表640*640正方形头像），用户没有头像时该项为空。若用户更换头像，原有头像URL将失效。',
  `unionid` varchar(125) DEFAULT NULL,
  `remark` varchar(500) DEFAULT NULL COMMENT '公众号运营者对粉丝的备注，公众号运营者可在微信公众平台用户管理界面对粉丝添加备注',
  `groupid` int(20) DEFAULT NULL COMMENT '分组ID',
  `status` tinyint(11) DEFAULT NULL COMMENT '用户状态 1:正常，0：禁用',
  `tagidList` varchar(100) DEFAULT NULL,
  PRIMARY KEY (`id`)
) ENGINE=InnoDB AUTO_INCREMENT=1073151002849562627 DEFAULT CHARSET=utf8mb4 COMMENT='微信粉丝表';

-- ----------------------------
--  Records of `wx_mp_fans`
-- ----------------------------
BEGIN;
INSERT INTO `wx_mp_fans` VALUES ('1', '1', 'oZQD8wvtRERdOzISxpBccQoJ8Hrs', 'Aront', '1', '2018-12-13 17:40:36', '', '1', '广州', '中国', '广东', 'zh_CN', 'http://thirdwx.qlogo.cn/mmopen/M9iaY37hO2W7ragDtr4iaxj4tarABfhvybnBATbN3yW9lH4frOtLxq7ficCCO2TkrL3a9hQQfgbhZylUQaNickqI2udvosYuicltG/132', 'o6-BMxLv9do9DphSKzHfTY6JIKgM', '', '0', '1', '[]'), ('1060761348644937729', '1', 'oZQD8wr01eUIBot2WlnECB4LFtg4', '鹰', '1', '2018-11-09 13:09:48', null, '1', '广州', '中国', '广东', 'zh_CN', 'http://thirdwx.qlogo.cn/mmopen/1CsQ09XS0PtOKAChztrMskC1VmzCRB4LDqDSnqdeEIlLj6ulia15POnqz4tOoqib8LSfeeiaUrJp7nOnCBJ7y58w3MCKw1weOYib/132', 'o6-BMxBN6zue2ac-rTqYZYSiB20s', '', '0', null, '[]'), ('1060761350440099841', '1', 'oZQD8whFjAPMVUzdkSxqpB3HgM14', 'Tzy', '1', '2018-11-09 13:11:06', '', '1', '郴州', '中国', '湖南', 'zh_CN', 'http://thirdwx.qlogo.cn/mmopen/M9iaY37hO2W7ragDtr4iaxj35fl6mnRCfkVgT2piaaQx3VkeLaLUWwrbr7XqwNDQkpHjiaUBOMZuwM8K296W5IicyBmj7iaewR34wV/132', 'o6-BMxC8nAnpIJWiIG570livKDec', '', '0', null, '[]'), ('1060916395122855937', '1', 'oZQD8wlJnnU1ByTAEh3AKKw235oI', '龙茶', '1', '2018-11-09 23:25:54', null, '2', '', '中国', '', 'zh_CN', 'http://thirdwx.qlogo.cn/mmopen/tzk5mQexoEDMC36IibwH2eE0CH3KvIXvfqVsKAC9AsYymk9iaYKgUUr4BLwWDicKyhgbqgFQ6OLRCSY4CLNpufnuZ9pOjzUkjgic/132', 'o6-BMxIbF1GsNwTfdK_Qv_nGZ75k', '', '0', null, '[]'), ('1073151002849562626', '1', 'oZQD8wnVKUX9foKWzSvrBU9PTbPA', 'July·りゅう けい', '1', '2018-12-13 17:41:52', null, '2', '广州', '中国', '广东', 'zh_CN', 'http://thirdwx.qlogo.cn/mmopen/iaII0fqPwBm4YwyItJAqjzmM5uyDDdB22d4InQwObyNtOl4EhhdeiaCod1qcKHWAGo8NszTQcicDwsg9mCVCU5ZNYBgQqnYtYGw/132', 'o6-BMxOVUONkBTZXqdl159fSZRpo', '', '0', null, '[]');
COMMIT;

-- ----------------------------
--  Table structure for `wx_mp_menu`
-- ----------------------------
DROP TABLE IF EXISTS `wx_mp_menu`;
CREATE TABLE `wx_mp_menu` (
  `id` bigint(11) NOT NULL AUTO_INCREMENT COMMENT '主键ID',
  `parentIdx` bigint(20) DEFAULT NULL,
  `menuType` varchar(50) NOT NULL COMMENT '菜单类型：1主菜单，2链接，3文本，4关键字，5扫码，6发图，7发送位置',
  `menuName` varchar(128) NOT NULL,
  `menuKey` varchar(64) DEFAULT NULL,
  `menuUrl` varchar(500) DEFAULT NULL COMMENT '菜单链接',
  `replyContent` varchar(500) DEFAULT NULL,
  `scanType` int(4) DEFAULT NULL COMMENT '扫码类型：1扫码带事件，2扫码带提示',
  `pictureType` int(4) DEFAULT NULL COMMENT '发图类型：1，系统拍照发图；2,，拍照或者相册发图；3，微信相册发图',
  `location` varchar(255) DEFAULT NULL COMMENT '发送位置',
  `sort` int(11) DEFAULT NULL COMMENT '菜单排序',
  `status` int(4) DEFAULT NULL COMMENT '菜单状态',
  `createBy` bigint(20) DEFAULT NULL COMMENT '创建人',
  `createTime` datetime DEFAULT NULL COMMENT '创建时间',
  `updateBy` bigint(20) DEFAULT NULL COMMENT '更新人',
  `updateTime` datetime DEFAULT NULL COMMENT '更新时间',
  `mpId` bigint(20) DEFAULT NULL COMMENT '微信配置ID',
  `idx` bigint(20) DEFAULT NULL,
  PRIMARY KEY (`id`)
) ENGINE=InnoDB AUTO_INCREMENT=1068148701642571778 DEFAULT CHARSET=utf8 COMMENT='微信菜单表';

-- ----------------------------
--  Records of `wx_mp_menu`
-- ----------------------------
BEGIN;
INSERT INTO `wx_mp_menu` VALUES ('1', '0', '1', '主菜单2', 'key1', 'http://z.cn', 'r1', '2', '1', '', '11', '1', '1', '2018-10-19 16:35:57', '1', '2018-10-19 16:36:05', '1', '1'), ('3', '1', '2', '子1-链接', '113', 'http://baidu.com', '', '2', null, '', '10', '1', null, null, null, null, '1', '1'), ('1053226772355821570', '0', '1', '主菜单', '1', '1', '1', '1', '1', '1', '1', '1', null, null, null, null, '1', null), ('1053226984956702721', '1053226772355821570', '4', '关键词', 'key1', '1', '1', '1', '1', '1', '11', '1', null, null, null, null, '1', null), ('1057180919178432513', '1053226772355821570', '3', '扫码事件', '123', '', '', '1', null, '', '10', '1', null, null, null, null, '1', null), ('1057181024308662274', '1053226772355821570', '4', '扫码提示', '1321', '', '', '2', null, '', '9', '1', null, null, null, null, '1', null), ('1057191402556067842', '0', '1', '123', '123', 'http://baidu.com', '', null, null, '', '10', '1', null, null, null, null, '1', null), ('1057195578929418241', '1057191402556067842', '5', '2222', '2222', 'http://ifast.site', '', '1', null, '', '10', '1', null, null, null, null, '1', null), ('1059815734453170178', '1057191402556067842', '3', '回复文本', 'TXT_ 1059815734453170178', '', '回复的文本内容', '1', '1', '', '10', '1', null, null, null, null, '1', null), ('1059828119477866497', '1057191402556067842', '3', '回复文本2', 'TEXT_1059828119477866497', '', 'r12', '1', '1', '', '10', '1', null, null, null, null, '1', null), ('1067801690904952834', '0', '1', '1111', '', '', '', '1', '1', '', '1', '1', null, null, null, null, '1065149712936673282', null), ('1067803187629735937', '0', '6', '2222222', '', '', '', '1', '1', '', null, '1', null, null, null, null, '1065149712936673282', null), ('1067803202913779713', '0', '1', '3', '', '', '', '1', '1', '', null, '1', null, null, null, null, '1065149712936673282', null), ('1067803297344339969', '1067803202913779713', '3', '31', 'TEXT_1067803297344339969', '', '31txt', '1', '1', '', null, '1', null, null, null, null, '1065149712936673282', null), ('1067803318324248578', '1067803202913779713', '1', '32', '', '', '', '1', '1', '', null, '1', null, null, null, null, '1065149712936673282', null), ('1067803340063326210', '1067803202913779713', '1', '33', '', '', '', '1', '1', '', null, '1', null, null, null, null, '1065149712936673282', null), ('1067803364159602690', '1067803202913779713', '1', '34', '', '', '', '1', '1', '', null, '1', null, null, null, null, '1065149712936673282', null), ('1067803388855664641', '1067803202913779713', '2', '35', '', 'http://ifast.site', '', '1', '1', '', null, '1', null, null, null, null, '1065149712936673282', null), ('1068148701642571777', '1067803187629735937', '3', '21', 'TEXT_1068148701642571777', '', '23', '1', '1', '', null, '1', null, null, null, null, '1065149712936673282', null);
COMMIT;

-- ----------------------------
--  Table structure for `wx_mp_wechat_keys`
-- ----------------------------
DROP TABLE IF EXISTS `wx_mp_wechat_keys`;
CREATE TABLE `wx_mp_wechat_keys` (
  `id` bigint(20) NOT NULL AUTO_INCREMENT,
  `mpId` bigint(20) NOT NULL COMMENT '公众号id',
  `mediaId` varchar(50) DEFAULT NULL COMMENT '素材Id',
  `keyword` varchar(200) DEFAULT NULL COMMENT '关键字，以#,#隔开',
  `type` tinyint(4) DEFAULT NULL COMMENT '回复类型，1：关键字 2：关注自动回复 3：默认回复',
  `replyType` varchar(20) DEFAULT NULL COMMENT '回复类型，文字：text 图文：news 图片： image 语音：voice 音乐：music 视频：video',
  `content` text COMMENT '内容',
  `newsId` bigint(20) DEFAULT NULL COMMENT '图文素材Id',
  `musicTitle` varchar(100) DEFAULT NULL COMMENT '音乐标题',
  `musicCover` varchar(255) DEFAULT NULL COMMENT '音乐封面',
  `musicUrl` varchar(255) DEFAULT NULL COMMENT '音乐url',
  `musicDesc` varchar(255) DEFAULT NULL COMMENT '音乐描述',
  `imageUrl` varchar(255) DEFAULT NULL COMMENT '图片URL',
  `voiceUrl` varchar(255) DEFAULT NULL COMMENT '音频URL',
  `videoTitle` varchar(100) DEFAULT NULL COMMENT '视频标题',
  `videoUrl` varchar(255) DEFAULT NULL COMMENT '视频url',
  `videoDesc` varchar(255) DEFAULT NULL COMMENT '视频描述',
  `createTime` datetime DEFAULT NULL COMMENT '创建时间',
  `updateTime` datetime DEFAULT NULL COMMENT '更新时间',
  `status` tinyint(4) NOT NULL DEFAULT '1' COMMENT '状态 0：禁用 1：启用',
  PRIMARY KEY (`id`)
) ENGINE=InnoDB DEFAULT CHARSET=utf8mb4 COMMENT='微信-关键字回复';

SET FOREIGN_KEY_CHECKS = 1;
